-0.205354,-0.0500451,0.205223,0.234119,0.0520094,-0.0658868,0.247817,-0.0184266,0.0453823,-0.206331,0.292604,0.24779
-0.265303,-0.0335957,0.133453,0.330425,0.0951834,-0.1011,0.369972,-0.0524621,0.0704467,-0.341789,0.359437,0.36343
-0.293514,-0.00636251,-0.0174547,0.373966,0.1165,-0.0744456,0.417559,-0.14779,0.132762,-0.45027,0.362335,0.366524
-0.31137,-0.00784753,-0.127347,0.396892,0.124614,-0.0712585,0.43032,-0.237056,0.166997,-0.527822,0.321364,0.335814
-0.318125,0.00113957,-0.193808,0.399418,0.147914,-0.102396,0.414497,-0.282296,0.165359,-0.572626,0.289859,0.309373
-0.324536,0.0205364,-0.237963,0.386913,0.188716,-0.140309,0.42257,-0.312769,0.180156,-0.601727,0.276867,0.327175
-0.333995,0.0156318,-0.237806,0.388974,0.202147,-0.148666,0.41424,-0.316856,0.184385,-0.616308,0.270658,0.362414
-0.324373,0.0262007,-0.230036,0.402342,0.201373,-0.165659,0.403335,-0.313055,0.203111,-0.629799,0.269973,0.393569
-0.317636,0.0293091,-0.234574,0.399464,0.206271,-0.183473,0.412153,-0.308438,0.222642,-0.621889,0.283422,0.422912
-0.312986,0.0302884,-0.251466,0.390094,0.210765,-0.194515,0.428854,-0.302108,0.242026,-0.605095,0.298312,0.449649
-0.305548,0.0353386,-0.270831,0.386461,0.210644,-0.201663,0.442675,-0.297294,0.265822,-0.595993,0.305982,0.469333
-0.298319,0.0405611,-0.287521,0.385053,0.211154,-0.208553,0.452598,-0.294303,0.288578,-0.593923,0.309584,0.483347
-0.293821,0.0436723,-0.301561,0.382086,0.214591,-0.214859,0.460871,-0.292405,0.30724,-0.594671,0.312945,0.496286
-0.290748,0.0460388,-0.312467,0.379459,0.218619,-0.220399,0.467168,-0.290729,0.322798,-0.597302,0.315998,0.509676
-0.288267,0.048252,-0.320998,0.376943,0.222609,-0.22612,0.471454,-0.288572,0.335258,-0.599319,0.319061,0.522739
-0.285927,0.0504646,-0.327677,0.374924,0.226111,-0.231974,0.474895,-0.286208,0.345913,-0.600198,0.321874,0.535516
-0.283459,0.0526222,-0.333295,0.373452,0.228937,-0.237799,0.478179,-0.283868,0.355597,-0.599834,0.324255,0.5476
-0.280797,0.0547457,-0.338526,0.37244,0.231099,-0.243261,0.481562,-0.281677,0.364767,-0.598601,0.326308,0.558438
-0.278186,0.0567232,-0.343461,0.371867,0.232749,-0.247917,0.484906,-0.279691,0.37332,-0.597079,0.328076,0.567518
-0.275749,0.0582994,-0.348406,0.37109,0.234264,-0.252061,0.488573,-0.277987,0.381501,-0.595844,0.329991,0.576012
-0.273598,0.0596712,-0.353041,0.37038,0.235701,-0.25572,0.491818,-0.276479,0.388886,-0.595013,0.331534,0.583626
-0.271863,0.0607355,-0.357327,0.369564,0.237148,-0.258902,0.494793,-0.275233,0.395453,-0.594449,0.33297,0.590677
-0.270442,0.0615558,-0.361222,0.368778,0.238506,-0.261699,0.497543,-0.274197,0.401358,-0.594167,0.33435,0.597375
-0.269222,0.0622153,-0.364771,0.368036,0.239758,-0.264321,0.500061,-0.273261,0.406648,-0.593997,0.335678,0.603719
-0.268135,0.0627975,-0.368057,0.367312,0.240902,-0.266855,0.502366,-0.272347,0.411366,-0.593763,0.336957,0.609633
-0.267117,0.0633581,-0.371147,0.366583,0.241897,-0.269346,0.504437,-0.271459,0.41554,-0.593348,0.338065,0.615006
-0.266215,0.0638432,-0.37407,0.365887,0.242808,-0.271681,0.506473,-0.270719,0.419381,-0.592923,0.339025,0.620048
-0.265424,0.0642466,-0.376858,0.365255,0.243662,-0.273856,0.508472,-0.2701,0.422955,-0.592569,0.339886,0.624826
-0.264721,0.0646027,-0.379547,0.364633,0.244451,-0.275936,0.510339,-0.269506,0.426179,-0.592172,0.340675,0.629236
-0.264108,0.064922,-0.382124,0.364013,0.245166,-0.277909,0.512079,-0.268941,0.429057,-0.591715,0.341382,0.633277
-0.263598,0.0651888,-0.3846,0.363376,0.245826,-0.279759,0.513737,-0.268434,0.431629,-0.591217,0.342006,0.637013
-0.263266,0.0652919,-0.387195,0.362407,0.246513,-0.28158,0.515403,-0.267971,0.433773,-0.590421,0.342589,0.640572
-0.262876,0.0655834,-0.389518,0.36172,0.246999,-0.283256,0.516677,-0.267519,0.43569,-0.589681,0.342824,0.643657
-0.262629,0.0657317,-0.391801,0.360853,0.247546,-0.284851,0.518032,-0.267194,0.437391,-0.588834,0.343083,0.646657
-0.262415,0.0658694,-0.394029,0.359988,0.248059,-0.286378,0.519328,-0.266907,0.438965,-0.587994,0.343267,0.64961
-0.262159,0.0660813,-0.396157,0.359209,0.248521,-0.287912,0.520513,-0.266638,0.440488,-0.587212,0.343373,0.652467
-0.261925,0.0662802,-0.39823,0.358432,0.248998,-0.289408,0.521682,-0.266394,0.44196,-0.58642,0.343496,0.655255
-0.261679,0.06651,-0.40017,0.357784,0.249427,-0.290799,0.522737,-0.266162,0.443391,-0.585678,0.343564,0.657855
-0.261515,0.0666044,-0.402243,0.356907,0.24994,-0.292228,0.523959,-0.265977,0.444748,-0.584834,0.343748,0.660594
-0.261293,0.0667862,-0.404252,0.356179,0.250375,-0.293615,0.52505,-0.265777,0.446116,-0.584059,0.343827,0.663243
-0.261016,0.067032,-0.406195,0.355537,0.250773,-0.295015,0.526075,-0.265583,0.447493,-0.583315,0.343883,0.665734
-0.260765,0.067233,-0.408122,0.35488,0.251188,-0.296363,0.527129,-0.265414,0.448841,-0.582548,0.343966,0.668138
-0.260514,0.067424,-0.410032,0.354243,0.251589,-0.297672,0.52817,-0.265256,0.450165,-0.581798,0.344036,0.670475
-0.260269,0.0676054,-0.411927,0.353615,0.251986,-0.298945,0.529198,-0.265105,0.451463,-0.581061,0.344113,0.672752
-0.260023,0.067784,-0.413798,0.353007,0.252371,-0.300186,0.530202,-0.264965,0.452739,-0.580343,0.344185,0.674964
-0.259756,0.0679836,-0.415634,0.35244,0.252732,-0.301418,0.531171,-0.264828,0.454001,-0.579652,0.344244,0.677095
-0.259552,0.0681032,-0.417479,0.351818,0.253132,-0.302579,0.532184,-0.264719,0.455217,-0.578927,0.344343,0.679217
-0.25929,0.0682947,-0.419269,0.351289,0.25347,-0.303747,0.533104,-0.264594,0.456429,-0.578262,0.344391,0.681246
-0.25904,0.0684645,-0.421037,0.350756,0.253817,-0.30489,0.534035,-0.264489,0.45762,-0.577587,0.344457,0.683212
-0.258796,0.0686231,-0.422788,0.350232,0.25416,-0.306001,0.534959,-0.264392,0.458789,-0.576919,0.344523,0.685129
-0.258561,0.0687599,-0.4246,0.349658,0.254523,-0.30714,0.535931,-0.264313,0.459948,-0.576225,0.344616,0.687082
-0.258273,0.0689786,-0.42625,0.34927,0.254802,-0.308191,0.536742,-0.264212,0.461115,-0.575634,0.344608,0.68884
-0.258022,0.069119,-0.427992,0.348734,0.255139,-0.309285,0.537677,-0.264147,0.462243,-0.574956,0.344704,0.690624
-0.257704,0.0693646,-0.429575,0.348408,0.255384,-0.310308,0.538451,-0.264051,0.463385,-0.574401,0.344691,0.692217
-0.257434,0.0695144,-0.431263,0.347912,0.255701,-0.311373,0.539373,-0.264,0.464493,-0.573761,0.344781,0.693858
-0.257118,0.0697468,-0.43281,0.347599,0.255946,-0.312358,0.540148,-0.263917,0.465607,-0.57324,0.344773,0.695355
-0.256852,0.0699017,-0.434381,0.347187,0.256238,-0.313334,0.540994,-0.263867,0.466675,-0.572675,0.344834,0.696847
-0.256582,0.0700617,-0.435935,0.34679,0.256517,-0.314295,0.541818,-0.263805,0.467723,-0.572136,0.344887,0.698341
-0.25629,0.0702477,-0.437448,0.346434,0.256783,-0.31527,0.542608,-0.263746,0.468775,-0.571639,0.344915,0.699818
-0.255997,0.0704354,-0.438934,0.346088,0.257056,-0.316247,0.543389,-0.263685,0.469818,-0.571145,0.344952,0.701273
-0.255686,0.0706402,-0.440396,0.345766,0.257314,-0.317228,0.544149,-0.263622,0.470857,-0.570657,0.344975,0.702684
-0.255363,0.070857,-0.441836,0.345462,0.257567,-0.318213,0.544902,-0.263556,0.471892,-0.570174,0.344993,0.704055
-0.255039,0.0710715,-0.443266,0.345161,0.25782,-0.319188,0.545659,-0.263494,0.472922,-0.569691,0.34501,0.705399
-0.254719,0.0712935,-0.444621,0.344923,0.258054,-0.320102,0.546364,-0.263427,0.473934,-0.569244,0.345004,0.706658
-0.254408,0.0714764,-0.446067,0.344571,0.258322,-0.321083,0.547157,-0.263376,0.47493,-0.568746,0.345054,0.707994
-0.254074,0.0716998,-0.447474,0.344292,0.258562,-0.322046,0.547898,-0.263313,0.475943,-0.568289,0.345052,0.709303
-0.253746,0.0719045,-0.448932,0.343959,0.25883,-0.323047,0.548692,-0.263263,0.476962,-0.567801,0.345079,0.710654
-0.253414,0.0721403,-0.450274,0.343747,0.259059,-0.323961,0.549386,-0.263193,0.477975,-0.567371,0.345054,0.711894
-0.253108,0.0723311,-0.451626,0.343473,0.259312,-0.324875,0.550119,-0.263136,0.478952,-0.566908,0.345077,0.713133
-0.252796,0.0725289,-0.452968,0.343206,0.259554,-0.325787,0.55084,-0.263069,0.479914,-0.566455,0.345096,0.714369
-0.252484,0.0727278,-0.454302,0.342943,0.259794,-0.326696,0.55156,-0.263007,0.480873,-0.566007,0.34511,0.715598
-0.252172,0.0729279,-0.455627,0.342684,0.260034,-0.3276,0.552274,-0.262945,0.481826,-0.565564,0.345126,0.716815
-0.251864,0.0731233,-0.456942,0.342427,0.260273,-0.328495,0.552985,-0.262886,0.482771,-0.565122,0.345138,0.718021
-0.251556,0.0733194,-0.458244,0.342176,0.260511,-0.329386,0.553691,-0.262823,0.483708,-0.564683,0.345151,0.719218
-0.251251,0.073513,-0.459536,0.341928,0.260749,-0.33027,0.554393,-0.262761,0.484638,-0.564245,0.345166,0.720405
-0.250944,0.0737083,-0.460816,0.341687,0.260984,-0.331148,0.555087,-0.262697,0.485561,-0.563813,0.345178,0.721581
-0.250644,0.0738975,-0.462087,0.341445,0.26122,-0.332017,0.555781,-0.262634,0.486476,-0.563378,0.345195,0.722747
-0.250345,0.074084,-0.463349,0.341207,0.261454,-0.332876,0.556473,-0.262571,0.487383,-0.562945,0.345212,0.723902
-0.25005,0.0742811,-0.464537,0.341025,0.261669,-0.333686,0.557108,-0.262499,0.488273,-0.562546,0.345209,0.724988
-0.249764,0.0744425,-0.465807,0.340741,0.261917,-0.334556,0.557825,-0.262443,0.489148,-0.562096,0.345258,0.726147
-0.249458,0.0746385,-0.467042,0.34052,0.26214,-0.33541,0.558497,-0.262376,0.490038,-0.561681,0.345262,0.727286
-0.249162,0.0748268,-0.468266,0.340299,0.262371,-0.336253,0.55917,-0.262314,0.490924,-0.561261,0.345275,0.728407
-0.248869,0.0750108,-0.469476,0.340082,0.2626,-0.337083,0.559836,-0.262248,0.4918,-0.560843,0.345291,0.729512
-0.248579,0.0751903,-0.470673,0.339869,0.262826,-0.337906,0.560498,-0.262182,0.492665,-0.560426,0.345306,0.730608
-0.248289,0.0753703,-0.471859,0.33966,0.263052,-0.338723,0.561155,-0.262113,0.493523,-0.560012,0.345325,0.731692
-0.248002,0.0755479,-0.473036,0.339453,0.263275,-0.339531,0.561808,-0.262046,0.494373,-0.559602,0.345343,0.732766
-0.247718,0.0757222,-0.474203,0.339248,0.263498,-0.340331,0.562458,-0.261979,0.495216,-0.559193,0.345363,0.733828
-0.247433,0.0758979,-0.475357,0.339049,0.263717,-0.341126,0.5631,-0.261912,0.496051,-0.55879,0.34538,0.734881
-0.247152,0.0760698,-0.476503,0.338851,0.263938,-0.341915,0.56374,-0.261844,0.496879,-0.558387,0.3454,0.735924
-0.246871,0.0762422,-0.477638,0.338657,0.264156,-0.342697,0.564375,-0.261776,0.4977,-0.557988,0.34542,0.736958
-0.246588,0.0764062,-0.478818,0.338423,0.264387,-0.343516,0.565047,-0.261713,0.498523,-0.557568,0.345455,0.738034
-0.246296,0.0765922,-0.479956,0.338245,0.264601,-0.344309,0.565678,-0.261642,0.499355,-0.557174,0.34546,0.739077
-0.246021,0.0767708,-0.481024,0.338106,0.264808,-0.345042,0.566269,-0.261568,0.500167,-0.556798,0.345462,0.740045
-0.245759,0.0769217,-0.482107,0.33792,0.265025,-0.34578,0.566886,-0.261499,0.500948,-0.556402,0.345497,0.741022
-0.245488,0.0770819,-0.483184,0.337741,0.265232,-0.346524,0.567495,-0.261427,0.501724,-0.556017,0.345521,0.742
-0.245215,0.0772375,-0.48431,0.337521,0.265456,-0.347307,0.568144,-0.261363,0.502507,-0.55561,0.34556,0.743024
-0.244936,0.0774206,-0.485348,0.337395,0.26565,-0.348026,0.568716,-0.261288,0.503294,-0.555253,0.345554,0.743968
-0.244679,0.0775695,-0.4864,0.33722,0.265864,-0.348747,0.56932,-0.261223,0.504055,-0.554868,0.345586,0.744914
-0.244415,0.0777242,-0.487444,0.337051,0.266068,-0.349468,0.569914,-0.26115,0.504807,-0.554491,0.345611,0.74586
-0.244151,0.0778814,-0.488481,0.336886,0.266273,-0.350189,0.570507,-0.26108,0.505558,-0.554116,0.345634,0.746801
-0.243888,0.0780382,-0.489512,0.336723,0.266478,-0.350904,0.571097,-0.261009,0.506305,-0.553743,0.34566,0.747735
-0.243627,0.078192,-0.490536,0.336563,0.266681,-0.351612,0.571684,-0.260941,0.507048,-0.553372,0.345682,0.748661
-0.243367,0.0783449,-0.49155,0.336406,0.266883,-0.352316,0.572267,-0.26087,0.507784,-0.553002,0.345706,0.749579
-0.243111,0.078504,-0.492507,0.336292,0.26707,-0.352977,0.572807,-0.260794,0.508507,-0.552657,0.345715,0.750442
-0.242862,0.078636,-0.493531,0.336096,0.267284,-0.353688,0.573413,-0.26073,0.509218,-0.552271,0.345766,0.751364
-0.242598,0.078794,-0.494528,0.33595,0.267478,-0.354385,0.573984,-0.260656,0.509942,-0.551911,0.345782,0.75227
-0.242336,0.078943,-0.49556,0.33577,0.26769,-0.355111,0.574589,-0.26059,0.510671,-0.551531,0.345816,0.753206
-0.242073,0.0791119,-0.496506,0.335674,0.267873,-0.355771,0.575122,-0.260512,0.511397,-0.551192,0.345815,0.754064
-0.241828,0.0792483,-0.497464,0.335531,0.268074,-0.356434,0.575684,-0.260442,0.512097,-0.550829,0.345849,0.754922
-0.241575,0.0793855,-0.49846,0.335358,0.268279,-0.35713,0.576273,-0.26037,0.512795,-0.550452,0.345892,0.755822
-0.241322,0.0795518,-0.499331,0.335302,0.268444,-0.357735,0.576759,-0.260287,0.51349,-0.550142,0.345879,0.756611
-0.24109,0.0796664,-0.50029,0.335121,0.268655,-0.358395,0.57734,-0.260223,0.514156,-0.549767,0.345944,0.757462
-0.240838,0.0798126,-0.501222,0.334993,0.268836,-0.359046,0.577879,-0.260149,0.514833,-0.549426,0.345962,0.758304
-0.240591,0.0799551,-0.502146,0.334864,0.269026,-0.359696,0.578422,-0.260078,0.515509,-0.549082,0.345987,0.759137
-0.240347,0.0800964,-0.503062,0.334739,0.269215,-0.360335,0.57896,-0.260005,0.516179,-0.548739,0.346016,0.759959
-0.240104,0.0802331,-0.503969,0.334615,0.269401,-0.360968,0.579494,-0.259935,0.516843,-0.548398,0.346041,0.760774
-0.239863,0.0803704,-0.504867,0.334494,0.269587,-0.361598,0.580025,-0.259859,0.517501,-0.548057,0.346069,0.761584
-0.239622,0.0805065,-0.505757,0.334376,0.269772,-0.362222,0.580552,-0.259786,0.518154,-0.547718,0.346098,0.762384
-0.239383,0.080642,-0.50664,0.33426,0.269954,-0.36284,0.581075,-0.259713,0.518802,-0.547383,0.346125,0.763176
-0.239145,0.0807749,-0.507515,0.334145,0.270136,-0.363453,0.581595,-0.25964,0.519444,-0.547049,0.346154,0.763962
-0.238909,0.0809073,-0.508383,0.334033,0.270317,-0.364061,0.582111,-0.259567,0.520081,-0.546718,0.346183,0.76474
-0.238673,0.0810401,-0.509242,0.333924,0.270496,-0.364665,0.582623,-0.259493,0.520713,-0.546389,0.346211,0.76551
-0.23844,0.0811686,-0.510095,0.333814,0.270676,-0.365262,0.583134,-0.25942,0.521339,-0.54606,0.346242,0.766274
-0.238204,0.081293,-0.510982,0.333676,0.270864,-0.365887,0.583672,-0.25935,0.521966,-0.545715,0.346284,0.767069
-0.237965,0.0814388,-0.511793,0.333612,0.271027,-0.36646,0.584146,-0.25927,0.522595,-0.545412,0.34629,0.767801
-0.237743,0.0815575,-0.512617,0.333506,0.271207,-0.367035,0.584646,-0.259199,0.523202,-0.545086,0.346329,0.768533
-0.237516,0.0816801,-0.513436,0.333405,0.271379,-0.367608,0.585139,-0.259124,0.523802,-0.544767,0.346361,0.769264
-0.237289,0.0818041,-0.514248,0.333306,0.271551,-0.368181,0.58563,-0.259051,0.5244,-0.544451,0.346391,0.769991
-0.237064,0.0819278,-0.515057,0.333208,0.271722,-0.368749,0.586119,-0.258977,0.524994,-0.544135,0.346424,0.770712
-0.23684,0.0820494,-0.515858,0.333112,0.271892,-0.369311,0.586604,-0.258906,0.525585,-0.543823,0.346454,0.771426
-0.236615,0.0821731,-0.51665,0.333021,0.27206,-0.369872,0.587084,-0.258832,0.52617,-0.543514,0.346484,0.772134
-0.236398,0.0822965,-0.517399,0.332958,0.272219,-0.370397,0.587534,-0.258756,0.526745,-0.543221,0.346505,0.772801
-0.236182,0.0824019,-0.518202,0.332833,0.272397,-0.370963,0.588035,-0.258688,0.527311,-0.542896,0.346557,0.773514
-0.235955,0.082528,-0.518981,0.332749,0.272559,-0.371517,0.588506,-0.258613,0.527888,-0.542594,0.346581,0.774214
-0.235734,0.0826495,-0.519751,0.332665,0.272726,-0.372065,0.588977,-0.258541,0.528461,-0.542289,0.34661,0.774902
-0.235516,0.0827667,-0.520514,0.332581,0.272891,-0.372603,0.589445,-0.258467,0.529028,-0.541985,0.346642,0.775581
-0.2353,0.0828803,-0.521295,0.332481,0.273056,-0.37315,0.589932,-0.258398,0.529591,-0.541658,0.346679,0.776283
-0.235075,0.0830077,-0.522024,0.33243,0.273211,-0.373675,0.590369,-0.258318,0.530156,-0.54138,0.346693,0.776933
-0.234865,0.0831147,-0.522762,0.332346,0.273377,-0.374195,0.590828,-0.258247,0.530704,-0.541082,0.346734,0.777583
-0.234653,0.0832257,-0.523493,0.332269,0.273536,-0.374711,0.591279,-0.258171,0.531245,-0.540788,0.346769,0.778232
-0.234441,0.0833379,-0.524217,0.332193,0.273694,-0.375228,0.591728,-0.258097,0.531784,-0.540497,0.346801,0.778877
-0.234229,0.0834495,-0.524938,0.332118,0.273851,-0.37574,0.592175,-0.258023,0.532319,-0.540207,0.346835,0.779517
-0.234021,0.0835585,-0.525653,0.332043,0.274008,-0.376246,0.59262,-0.257951,0.532851,-0.539918,0.346869,0.780151
-0.233812,0.083668,-0.526361,0.331972,0.274163,-0.37675,0.59306,-0.257877,0.533378,-0.539631,0.346902,0.780781
-0.233605,0.0837758,-0.527062,0.331902,0.274318,-0.377249,0.593498,-0.257803,0.5339,-0.539344,0.346936,0.781404
-0.233398,0.0838839,-0.527757,0.331834,0.27447,-0.377745,0.593932,-0.257729,0.534419,-0.539061,0.346968,0.782022
-0.233192,0.0839918,-0.528445,0.331768,0.274622,-0.378237,0.594363,-0.257655,0.534934,-0.538779,0.347001,0.782634
-0.232988,0.0840961,-0.529129,0.331701,0.274774,-0.378724,0.594793,-0.257582,0.535444,-0.538498,0.347035,0.78324
-0.232785,0.0842013,-0.529806,0.331637,0.274924,-0.379207,0.595218,-0.257509,0.53595,-0.538219,0.347068,0.783841
-0.232582,0.0843065,-0.530476,0.331576,0.275072,-0.379688,0.595639,-0.257435,0.536452,-0.537943,0.347101,0.784436
-0.232381,0.084409,-0.531141,0.331513,0.275221,-0.380164,0.59606,-0.257362,0.53695,-0.537667,0.347135,0.785026
-0.232181,0.0845109,-0.531801,0.331453,0.275368,-0.380635,0.596477,-0.257288,0.537444,-0.537393,0.347169,0.78561
-0.231982,0.0846127,-0.532453,0.331394,0.275514,-0.381103,0.59689,-0.257215,0.537934,-0.537121,0.347203,0.786189
-0.231785,0.0847118,-0.533101,0.331335,0.275659,-0.381566,0.597302,-0.257142,0.538419,-0.53685,0.347238,0.786763
-0.231588,0.0848126,-0.533742,0.33128,0.275803,-0.382026,0.597709,-0.257068,0.538901,-0.536583,0.347271,0.787331
-0.231392,0.0849114,-0.534377,0.331225,0.275946,-0.382483,0.598114,-0.256995,0.539378,-0.536316,0.347305,0.787894
-0.231198,0.0850094,-0.535007,0.331171,0.276088,-0.382935,0.598516,-0.256922,0.539852,-0.536051,0.34734,0.788452
-0.231004,0.0851066,-0.535631,0.331118,0.276229,-0.383384,0.598916,-0.256849,0.540322,-0.535788,0.347374,0.789005
-0.230812,0.0852033,-0.536249,0.331067,0.276369,-0.38383,0.599312,-0.256776,0.540788,-0.535526,0.347408,0.789552
-0.230624,0.0853019,-0.536831,0.331039,0.276499,-0.384248,0.599681,-0.256701,0.541245,-0.535281,0.347434,0.790067
-0.230438,0.0853854,-0.537458,0.330961,0.276647,-0.384698,0.600092,-0.256633,0.541695,-0.535009,0.347485,0.790618
-0.230243,0.0854849,-0.538065,0.330915,0.276781,-0.385139,0.60048,-0.256558,0.542153,-0.534755,0.347514,0.791159
-0.230049,0.0855783,-0.538694,0.330847,0.276927,-0.385598,0.600892,-0.256488,0.542613,-0.534485,0.347556,0.791717
-0.229856,0.0856832,-0.539269,0.330831,0.277054,-0.386015,0.601255,-0.256411,0.543072,-0.534244,0.347575,0.792229
-0.229675,0.0857685,-0.539851,0.330784,0.277192,-0.386433,0.601637,-0.25634,0.543514,-0.533988,0.347614,0.792741
-0.229491,0.0858576,-0.540429,0.33074,0.277324,-0.386851,0.602012,-0.256265,0.543951,-0.533737,0.347651,0.793252
-0.229306,0.0859474,-0.541002,0.330698,0.277456,-0.387268,0.602386,-0.256193,0.544386,-0.533489,0.347686,0.793759
-0.229123,0.0860369,-0.541573,0.330655,0.277587,-0.38768,0.602758,-0.25612,0.544818,-0.533242,0.347723,0.794262
-0.228941,0.086125,-0.542138,0.330614,0.277717,-0.388089,0.603127,-0.25605,0.545247,-0.532998,0.347757,0.79476
-0.228759,0.086213,-0.542697,0.330574,0.277847,-0.388497,0.603494,-0.255978,0.545672,-0.532755,0.347792,0.795255
-0.22858,0.0862994,-0.543252,0.330534,0.277976,-0.3889,0.603859,-0.255906,0.546094,-0.532512,0.347828,0.795745
-0.228399,0.0863872,-0.543801,0.330498,0.278103,-0.389301,0.604219,-0.255834,0.546513,-0.532273,0.347863,0.796231
-0.228221,0.0864727,-0.544345,0.330461,0.278231,-0.389698,0.604578,-0.255762,0.546929,-0.532033,0.347898,0.796712
-0.228043,0.0865578,-0.544885,0.330425,0.278357,-0.390092,0.604935,-0.255691,0.547341,-0.531795,0.347934,0.797189
-0.227866,0.0866421,-0.54542,0.33039,0.278482,-0.390483,0.605289,-0.255619,0.54775,-0.531559,0.347969,0.797662
-0.22769,0.0867259,-0.54595,0.330357,0.278606,-0.390871,0.60564,-0.255548,0.548156,-0.531324,0.348004,0.79813
-0.227511,0.0868072,-0.546501,0.330305,0.278738,-0.391277,0.60601,-0.255478,0.548563,-0.531079,0.348048,0.798617
-0.227333,0.0868993,-0.547005,0.330298,0.278852,-0.391648,0.606339,-0.255403,0.54897,-0.530859,0.348069,0.799066
-0.227165,0.0869755,-0.547517,0.330264,0.278977,-0.39202,0.606684,-0.255333,0.549363,-0.530626,0.34811,0.799515
-0.226994,0.0870547,-0.548026,0.330233,0.279096,-0.392392,0.607023,-0.255261,0.549752,-0.530398,0.348147,0.799963
-0.226823,0.0871342,-0.548531,0.330203,0.279216,-0.392763,0.607362,-0.255191,0.55014,-0.530171,0.348182,0.800409
-0.226653,0.0872141,-0.549032,0.330174,0.279335,-0.393132,0.607698,-0.25512,0.550525,-0.529946,0.348219,0.800851
-0.226484,0.0872927,-0.549529,0.330145,0.279453,-0.393497,0.608032,-0.255051,0.550908,-0.529723,0.348254,0.801288
-0.226316,0.0873702,-0.550022,0.330117,0.27957,-0.393859,0.608365,-0.254981,0.551288,-0.5295,0.34829,0.801723
-0.226147,0.0874493,-0.550508,0.330092,0.279687,-0.394221,0.608693,-0.254911,0.551665,-0.52928,0.348325,0.802154
-0.225981,0.0875259,-0.550992,0.330066,0.279803,-0.394578,0.60902,-0.254841,0.552039,-0.52906,0.348361,0.802581
-0.225815,0.0876022,-0.551471,0.330042,0.279918,-0.394932,0.609346,-0.254771,0.55241,-0.528841,0.348397,0.803004
-0.22565,0.0876781,-0.551946,0.330018,0.280032,-0.395284,0.609668,-0.254701,0.552778,-0.528624,0.348432,0.803424
-0.225485,0.0877532,-0.552416,0.329995,0.280145,-0.395632,0.609988,-0.254632,0.553144,-0.528408,0.348468,0.803839
-0.225322,0.0878279,-0.552882,0.329973,0.280258,-0.395978,0.610306,-0.254562,0.553506,-0.528193,0.348504,0.80425
-0.225159,0.0879016,-0.553344,0.329951,0.28037,-0.396321,0.610622,-0.254493,0.553866,-0.52798,0.34854,0.804658
-0.224998,0.0879747,-0.553802,0.32993,0.280481,-0.396661,0.610936,-0.254424,0.554222,-0.527769,0.348576,0.805061
-0.224837,0.0880477,-0.554255,0.32991,0.280591,-0.396998,0.611247,-0.254355,0.554576,-0.527559,0.348612,0.805462
-0.224677,0.0881198,-0.554704,0.329891,0.280701,-0.397333,0.611556,-0.254286,0.554927,-0.52735,0.348647,0.805858
-0.224517,0.0881916,-0.555149,0.329872,0.280809,-0.397665,0.611862,-0.254217,0.555276,-0.527143,0.348683,0.806251
-0.224359,0.0882621,-0.55559,0.329854,0.280917,-0.397994,0.612167,-0.254149,0.555621,-0.526936,0.348719,0.80664
-0.224198,0.0883316,-0.556048,0.329821,0.281031,-0.398339,0.612487,-0.254082,0.555968,-0.526721,0.348762,0.807045
-0.224038,0.088409,-0.556467,0.329825,0.28113,-0.398654,0.612773,-0.25401,0.556314,-0.526528,0.348786,0.807418
-0.223886,0.088474,-0.556893,0.329806,0.281238,-0.39897,0.613072,-0.253944,0.556649,-0.526323,0.348826,0.807791
-0.223732,0.0885412,-0.557315,0.32979,0.281342,-0.399286,0.613366,-0.253875,0.556981,-0.526123,0.348863,0.808164
-0.223575,0.0886072,-0.557756,0.32976,0.281452,-0.399619,0.613677,-0.253809,0.557314,-0.525914,0.348905,0.808553
-0.223419,0.0886828,-0.558159,0.329765,0.281549,-0.399923,0.613953,-0.253738,0.557649,-0.525726,0.34893,0.808912
-0.223274,0.0887464,-0.558549,0.329763,0.281647,-0.400211,0.614226,-0.253673,0.55797,-0.525538,0.348963,0.809252
-0.223126,0.0888041,-0.558969,0.32973,0.281754,-0.400526,0.614526,-0.253608,0.558284,-0.525334,0.349012,0.809619
-0.222972,0.0888723,-0.559376,0.329717,0.281853,-0.400835,0.614812,-0.253541,0.558605,-0.525141,0.349044,0.809982
-0.22282,0.0889408,-0.559778,0.329707,0.281954,-0.401141,0.615095,-0.253474,0.558926,-0.52495,0.349078,0.810338
-0.22267,0.0890062,-0.560177,0.329695,0.282054,-0.401442,0.615376,-0.253408,0.559244,-0.524758,0.349114,0.81069
-0.222521,0.0890703,-0.560571,0.329684,0.282153,-0.401741,0.615656,-0.253342,0.559559,-0.524567,0.349149,0.811039
-0.222369,0.0891336,-0.56098,0.329661,0.282258,-0.402056,0.61595,-0.253275,0.559873,-0.524368,0.349191,0.811402
-0.22222,0.0892033,-0.561355,0.329669,0.282349,-0.402341,0.616213,-0.253206,0.560188,-0.524187,0.349216,0.811737
-0.22208,0.0892639,-0.561716,0.329673,0.282442,-0.402611,0.61647,-0.253141,0.560491,-0.524008,0.349249,0.812054
-0.221938,0.089318,-0.562106,0.329645,0.282543,-0.402905,0.616753,-0.253078,0.560787,-0.523814,0.349297,0.812394
-0.221786,0.0893819,-0.562502,0.329625,0.282642,-0.403212,0.617038,-0.253013,0.561092,-0.523623,0.349334,0.812747
-0.221639,0.0894511,-0.562864,0.329634,0.282732,-0.40349,0.617294,-0.252945,0.561398,-0.523448,0.34936,0.813071
-0.221498,0.0895093,-0.563231,0.329626,0.282828,-0.403767,0.617559,-0.252881,0.561695,-0.523265,0.349398,0.813392
-0.221356,0.089568,-0.563595,0.329619,0.282921,-0.404045,0.617822,-0.252816,0.561988,-0.523085,0.349434,0.813714
-0.221215,0.0896273,-0.563956,0.329612,0.283014,-0.404323,0.618084,-0.252751,0.562279,-0.522905,0.34947,0.814035
-0.221073,0.0896873,-0.564314,0.329606,0.283105,-0.404598,0.618343,-0.252686,0.562568,-0.522727,0.349506,0.814352
-0.220933,0.0897459,-0.564669,0.3296,0.283196,-0.40487,0.618601,-0.252623,0.562856,-0.52255,0.349541,0.814665
-0.220793,0.0898045,-0.565021,0.329595,0.283287,-0.405141,0.618857,-0.252559,0.563141,-0.522375,0.349577,0.814977
-0.220653,0.0898632,-0.565369,0.329591,0.283377,-0.40541,0.619111,-0.252495,0.563425,-0.5222,0.349612,0.815286
-0.220514,0.0899208,-0.565714,0.329587,0.283467,-0.405678,0.619364,-0.252431,0.563706,-0.522027,0.349647,0.815592
-0.220377,0.0899771,-0.566057,0.329582,0.283556,-0.405941,0.619615,-0.252368,0.563985,-0.521853,0.349683,0.815895
-0.22024,0.0900343,-0.566395,0.32958,0.283644,-0.406203,0.619864,-0.252305,0.564262,-0.521682,0.349718,0.816196
-0.220104,0.0900901,-0.566731,0.329577,0.283732,-0.406463,0.620111,-0.252242,0.564537,-0.521511,0.349753,0.816493
-0.219968,0.0901462,-0.567063,0.329574,0.283819,-0.406721,0.620356,-0.252179,0.56481,-0.521342,0.349788,0.816788
-0.219833,0.0902016,-0.567391,0.329572,0.283905,-0.406977,0.620599,-0.252116,0.56508,-0.521174,0.349824,0.81708
-0.219698,0.0902564,-0.567717,0.329571,0.283991,-0.407231,0.620841,-0.252053,0.565348,-0.521007,0.349859,0.817369
-0.219565,0.090311,-0.56804,0.32957,0.284076,-0.407483,0.621081,-0.251991,0.565615,-0.520841,0.349894,0.817656
-0.219431,0.0903651,-0.56836,0.329569,0.28416,-0.407732,0.621319,-0.251929,0.565879,-0.520677,0.349929,0.81794
-0.219299,0.0904189,-0.568676,0.329568,0.284244,-0.40798,0.621556,-0.251867,0.566141,-0.520513,0.349964,0.818222
-0.219167,0.0904722,-0.568989,0.329568,0.284328,-0.408226,0.62179,-0.251805,0.566401,-0.520351,0.349999,0.818501
-0.219036,0.0905247,-0.5693,0.329568,0.284411,-0.40847,0.622024,-0.251744,0.566659,-0.520189,0.350034,0.818777
-0.218906,0.0905772,-0.569608,0.329569,0.284493,-0.408711,0.622256,-0.251683,0.566916,-0.520028,0.350069,0.819051
-0.218776,0.0906292,-0.569912,0.32957,0.284574,-0.408951,0.622485,-0.251621,0.56717,-0.519869,0.350104,0.819322
-0.218647,0.0906807,-0.570214,0.329571,0.284655,-0.409189,0.622714,-0.25156,0.567422,-0.51971,0.350139,0.819591
-0.218518,0.0907313,-0.570513,0.329572,0.284736,-0.409424,0.62294,-0.2515,0.567672,-0.519553,0.350175,0.819858
-0.21839,0.0907824,-0.570808,0.329574,0.284815,-0.409658,0.623165,-0.251439,0.567921,-0.519397,0.350209,0.820121
-0.218263,0.0908328,-0.571101,0.329576,0.284894,-0.40989,0.623388,-0.251379,0.568167,-0.519242,0.350244,0.820383
-0.218137,0.0908827,-0.571391,0.329579,0.284973,-0.410121,0.62361,-0.251319,0.568411,-0.519088,0.350279,0.820642
-0.218007,0.0909317,-0.571692,0.329571,0.285056,-0.410362,0.623842,-0.251259,0.568656,-0.518927,0.350319,0.820911
-0.217877,0.0909851,-0.571981,0.329578,0.285133,-0.410594,0.624063,-0.251198,0.568904,-0.518774,0.350351,0.821172
-0.217754,0.0910363,-0.572252,0.329594,0.285207,-0.41081,0.62427,-0.251137,0.569146,-0.518628,0.35038,0.821415
-0.217633,0.0910809,-0.572527,0.329596,0.285284,-0.411027,0.624484,-0.251078,0.569379,-0.518477,0.350418,0.821659
-0.217515,0.0911279,-0.572787,0.329608,0.285354,-0.411234,0.624684,-0.251019,0.569609,-0.518336,0.350448,0.821892
-0.217394,0.0911702,-0.573069,0.329598,0.285434,-0.411458,0.624905,-0.250963,0.569836,-0.518183,0.350491,0.822141
-0.217269,0.0912203,-0.573341,0.329603,0.285507,-0.411677,0.625115,-0.250904,0.570068,-0.518038,0.350524,0.822386
-0.217147,0.091268,-0.57361,0.329607,0.285581,-0.411894,0.625325,-0.250847,0.570298,-0.517892,0.350557,0.822628
-0.217022,0.0913146,-0.573889,0.329603,0.28566,-0.412121,0.625544,-0.250788,0.570529,-0.51774,0.350597,0.822878
-0.216901,0.091365,-0.574143,0.329621,0.285729,-0.412328,0.625742,-0.250728,0.57076,-0.517601,0.350623,0.82311
-0.216783,0.0914088,-0.574401,0.329626,0.285803,-0.412537,0.625946,-0.25067,0.570984,-0.517456,0.35066,0.823342
-0.216665,0.091453,-0.574658,0.329631,0.285875,-0.412743,0.626149,-0.250613,0.571205,-0.517314,0.350695,0.823572
-0.216547,0.0914977,-0.574912,0.329636,0.285946,-0.41295,0.626349,-0.250556,0.571425,-0.517173,0.350728,0.823801
-0.216432,0.0915436,-0.575151,0.329651,0.286013,-0.413143,0.626538,-0.250498,0.571641,-0.51704,0.350759,0.824017
-0.216316,0.0915831,-0.57541,0.329645,0.286087,-0.413352,0.626745,-0.250444,0.571855,-0.516896,0.350801,0.824246
-0.216197,0.0916297,-0.575659,0.329652,0.286156,-0.413557,0.626942,-0.250386,0.572072,-0.516759,0.350832,0.824473
-0.21608,0.0916744,-0.575905,0.329659,0.286226,-0.413759,0.627139,-0.25033,0.572288,-0.516621,0.350866,0.824695
-0.21596,0.091718,-0.57616,0.329658,0.2863,-0.41397,0.627344,-0.250273,0.572504,-0.516477,0.350905,0.824926
-0.215844,0.0917652,-0.576392,0.329678,0.286365,-0.414162,0.627529,-0.250215,0.572719,-0.516347,0.35093,0.825139
-0.215728,0.0918055,-0.57664,0.329676,0.286439,-0.414368,0.627731,-0.25016,0.57293,-0.516204,0.350971,0.825363
-0.215611,0.0918506,-0.576879,0.329686,0.286506,-0.414565,0.627923,-0.250102,0.573143,-0.516068,0.351003,0.825581
-0.215503,0.0918941,-0.57709,0.329712,0.286566,-0.414739,0.628093,-0.250045,0.573349,-0.515946,0.351028,0.825774
-0.215394,0.0919286,-0.577326,0.329707,0.286637,-0.41493,0.628287,-0.249992,0.573547,-0.515808,0.351072,0.825983
-0.215281,0.0919708,-0.577554,0.329715,0.2867,-0.415119,0.628472,-0.249938,0.573748,-0.51568,0.351104,0.82619
-0.215169,0.0920127,-0.57778,0.329722,0.286766,-0.415308,0.628656,-0.249883,0.573949,-0.515551,0.351137,0.826396
-0.215058,0.0920541,-0.578004,0.32973,0.286831,-0.415494,0.628839,-0.249829,0.574149,-0.515422,0.351171,0.826599
-0.214947,0.0920944,-0.578226,0.329739,0.286896,-0.415679,0.62902,-0.249775,0.574348,-0.515294,0.351204,0.8268
-0.214837,0.0921349,-0.578444,0.329747,0.286961,-0.415863,0.629201,-0.24972,0.574545,-0.515167,0.351238,0.827001
-0.214725,0.0921745,-0.578672,0.329749,0.287028,-0.416056,0.62939,-0.249666,0.574742,-0.515033,0.351275,0.827209
-0.214611,0.0922178,-0.57889,0.329761,0.287092,-0.416242,0.62957,-0.24961,0.574942,-0.514906,0.351306,0.827411
-0.214508,0.0922589,-0.579083,0.329788,0.287148,-0.416404,0.629729,-0.249556,0.575135,-0.514791,0.35133,0.827589
-0.214403,0.0922912,-0.579299,0.329785,0.287215,-0.416582,0.629911,-0.249505,0.575321,-0.514661,0.351373,0.827781
-0.214292,0.0923306,-0.579517,0.329787,0.287279,-0.416769,0.630094,-0.249451,0.575511,-0.514533,0.351408,0.827982
-0.214184,0.092373,-0.579717,0.329807,0.287337,-0.41694,0.630259,-0.249397,0.575703,-0.514416,0.351434,0.828168
-0.21408,0.0924096,-0.57992,0.329815,0.287399,-0.41711,0.63043,-0.249345,0.575889,-0.514294,0.35147,0.828352
-0.213975,0.0924463,-0.580121,0.329824,0.287459,-0.41728,0.6306,-0.249293,0.576073,-0.514174,0.351503,0.828536
-0.21387,0.0924834,-0.58032,0.329834,0.287519,-0.417451,0.630769,-0.24924,0.576256,-0.514054,0.351536,0.82872
-0.213765,0.0925212,-0.580517,0.329844,0.287579,-0.417621,0.630936,-0.249188,0.576438,-0.513935,0.351569,0.828902
-0.213664,0.0925583,-0.580703,0.329861,0.287634,-0.417779,0.631093,-0.249137,0.576618,-0.513823,0.351598,0.829073
-0.213561,0.0925919,-0.580903,0.329861,0.287697,-0.41795,0.631265,-0.249086,0.576794,-0.513701,0.351636,0.829255
-0.213456,0.0926303,-0.581096,0.329873,0.287754,-0.418118,0.631429,-0.249034,0.576974,-0.513585,0.351667,0.829435
-0.213352,0.0926674,-0.581286,0.329884,0.287813,-0.418284,0.631592,-0.248983,0.577152,-0.513469,0.351699,0.829612
-0.21325,0.0927038,-0.581474,0.329895,0.287871,-0.418447,0.631754,-0.248931,0.57733,-0.513353,0.351732,0.829786
-0.213148,0.0927393,-0.581661,0.329906,0.287929,-0.418609,0.631915,-0.248881,0.577505,-0.513238,0.351764,0.829959
-0.213046,0.0927752,-0.581844,0.329917,0.287986,-0.41877,0.632074,-0.248829,0.577679,-0.513124,0.351796,0.83013
-0.212946,0.0928102,-0.582026,0.329929,0.288042,-0.418929,0.632232,-0.248779,0.577852,-0.513011,0.351828,0.8303
-0.212845,0.0928451,-0.582207,0.32994,0.288098,-0.419087,0.632389,-0.248728,0.578023,-0.512898,0.351861,0.830467
-0.212746,0.0928799,-0.582385,0.329951,0.288154,-0.419243,0.632545,-0.248678,0.578192,-0.512787,0.351893,0.830633
-0.212643,0.0929143,-0.58257,0.329956,0.288212,-0.419407,0.632708,-0.248628,0.578363,-0.512672,0.351928,0.830806
-0.212544,0.0929514,-0.582738,0.329976,0.288265,-0.419557,0.632855,-0.248577,0.578533,-0.512566,0.351955,0.830966
-0.212448,0.0929836,-0.58291,0.329987,0.28832,-0.419708,0.633007,-0.248528,0.578698,-0.512456,0.351988,0.831125
-0.212348,0.0930162,-0.583089,0.329991,0.288377,-0.419866,0.633166,-0.248478,0.578863,-0.512343,0.352024,0.831291
-0.21225,0.0930522,-0.583251,0.330011,0.288427,-0.420012,0.633309,-0.248428,0.579028,-0.51224,0.35205,0.831446
-0.212155,0.093084,-0.583417,0.330022,0.288481,-0.420159,0.633457,-0.24838,0.579189,-0.512133,0.352084,0.831601
-0.21206,0.0931163,-0.583581,0.330033,0.288534,-0.420305,0.633604,-0.248332,0.579349,-0.512028,0.352116,0.831755
-0.211964,0.0931487,-0.583744,0.330044,0.288586,-0.420452,0.63375,-0.248284,0.579507,-0.511924,0.352147,0.831908
-0.211869,0.0931819,-0.583905,0.330055,0.288638,-0.420598,0.633895,-0.248235,0.579665,-0.51182,0.352179,0.832061
-0.211775,0.0932137,-0.584065,0.330066,0.28869,-0.420742,0.634039,-0.248188,0.579822,-0.511717,0.35221,0.832212
-0.21168,0.093246,-0.584223,0.330078,0.288741,-0.420886,0.634182,-0.24814,0.579978,-0.511614,0.352241,0.832363
-0.211586,0.0932779,-0.58438,0.33009,0.288792,-0.421028,0.634325,-0.248093,0.580133,-0.511512,0.352272,0.832511
-0.211493,0.0933096,-0.584534,0.330102,0.288843,-0.42117,0.634466,-0.248045,0.580287,-0.51141,0.352303,0.832659
-0.2114,0.0933413,-0.584687,0.330114,0.288894,-0.42131,0.634606,-0.247998,0.580439,-0.51131,0.352334,0.832805
-0.211307,0.0933725,-0.584839,0.330126,0.288944,-0.42145,0.634745,-0.247951,0.580591,-0.511209,0.352364,0.83295
-0.211215,0.0934036,-0.584988,0.330138,0.288993,-0.421588,0.634883,-0.247904,0.580742,-0.51111,0.352395,0.833093
-0.211123,0.0934347,-0.585137,0.33015,0.289043,-0.421725,0.63502,-0.247857,0.580891,-0.511011,0.352426,0.833235
-0.211032,0.0934653,-0.585283,0.330162,0.289092,-0.421861,0.635156,-0.247811,0.58104,-0.510913,0.352456,0.833376
-0.210941,0.0934958,-0.585428,0.330174,0.28914,-0.421996,0.635291,-0.247764,0.581187,-0.510816,0.352487,0.833516
-0.210851,0.0935263,-0.585571,0.330187,0.289189,-0.42213,0.635424,-0.247718,0.581333,-0.51072,0.352517,0.833654
-0.210761,0.093556,-0.585713,0.330199,0.289237,-0.422263,0.635557,-0.247673,0.581478,-0.510624,0.352548,0.833791
-0.210671,0.093586,-0.585853,0.330211,0.289284,-0.422395,0.635689,-0.247627,0.581622,-0.510529,0.352578,0.833927
-0.21058,0.0936155,-0.585999,0.330218,0.289335,-0.422533,0.635827,-0.247581,0.581767,-0.51043,0.352611,0.834067
-0.210491,0.0936474,-0.586131,0.330237,0.289379,-0.422659,0.635952,-0.247535,0.581911,-0.510339,0.352637,0.834198
-0.210404,0.0936752,-0.586266,0.330249,0.289426,-0.422786,0.636081,-0.24749,0.582051,-0.510246,0.352668,0.834328
-0.210317,0.0937038,-0.586399,0.330261,0.289472,-0.422913,0.636208,-0.247445,0.58219,-0.510153,0.352698,0.834458
-0.21023,0.0937323,-0.586531,0.330273,0.289518,-0.42304,0.636334,-0.247401,0.582328,-0.510062,0.352728,0.834587
-0.210143,0.0937611,-0.586662,0.330285,0.289564,-0.423165,0.63646,-0.247356,0.582466,-0.509971,0.352758,0.834715
-0.210057,0.0937896,-0.586792,0.330297,0.289609,-0.42329,0.636585,-0.247313,0.582602,-0.509881,0.352787,0.834842
-0.209971,0.0938178,-0.58692,0.330309,0.289654,-0.423414,0.636709,-0.247269,0.582738,-0.509791,0.352817,0.834968
-0.209885,0.0938458,-0.587046,0.330321,0.289699,-0.423537,0.636832,-0.247225,0.582873,-0.509702,0.352846,0.835093
-0.209797,0.0938738,-0.587177,0.330329,0.289746,-0.423666,0.636961,-0.247181,0.583008,-0.50961,0.352879,0.835223
-0.209712,0.0939037,-0.587297,0.330348,0.289787,-0.423784,0.637077,-0.247136,0.583143,-0.509525,0.352903,0.835343
-0.209632,0.09393,-0.587412,0.330365,0.289829,-0.423897,0.637192,-0.247093,0.583273,-0.50944,0.352931,0.835458
-0.209549,0.0939548,-0.587537,0.33037,0.289875,-0.424018,0.637315,-0.247052,0.583401,-0.509351,0.352965,0.835579
-0.209464,0.0939827,-0.587657,0.330383,0.289917,-0.424138,0.637433,-0.247008,0.583531,-0.509266,0.352992,0.8357
-0.20938,0.0940105,-0.587775,0.330395,0.28996,-0.424257,0.637551,-0.246966,0.583661,-0.50918,0.353021,0.835819
-0.209297,0.0940375,-0.587892,0.330407,0.290003,-0.424373,0.637668,-0.246923,0.583789,-0.509095,0.35305,0.835936
-0.209215,0.0940643,-0.588008,0.33042,0.290045,-0.424489,0.637784,-0.246881,0.583917,-0.509011,0.353079,0.836052
-0.209133,0.0940906,-0.588122,0.330432,0.290088,-0.424604,0.637899,-0.246838,0.584044,-0.508927,0.353107,0.836167
-0.209051,0.0941169,-0.588234,0.330445,0.290129,-0.424718,0.638013,-0.246796,0.584169,-0.508844,0.353136,0.836282
-0.20897,0.094143,-0.588346,0.330457,0.290171,-0.424832,0.638126,-0.246754,0.584294,-0.508762,0.353164,0.836395
-0.208889,0.0941689,-0.588456,0.330469,0.290212,-0.424944,0.638239,-0.246713,0.584417,-0.50868,0.353193,0.836506
-0.208808,0.0941946,-0.588565,0.330482,0.290252,-0.425055,0.63835,-0.246671,0.58454,-0.508599,0.353221,0.836617
-0.208728,0.0942203,-0.588672,0.330494,0.290293,-0.425166,0.638461,-0.24663,0.584662,-0.508518,0.35325,0.836727
-0.208649,0.0942457,-0.588779,0.330506,0.290333,-0.425276,0.638571,-0.246589,0.584783,-0.508438,0.353278,0.836836
-0.208569,0.0942709,-0.588884,0.330518,0.290373,-0.425385,0.63868,-0.246548,0.584903,-0.508358,0.353306,0.836944
-0.208491,0.0942959,-0.588988,0.33053,0.290413,-0.425493,0.638788,-0.246508,0.585022,-0.508279,0.353334,0.83705
-0.208412,0.094321,-0.58909,0.330543,0.290452,-0.425601,0.638895,-0.246467,0.585141,-0.508201,0.353362,0.837156
-0.208334,0.0943458,-0.589191,0.330555,0.290492,-0.425707,0.639001,-0.246427,0.585258,-0.508123,0.35339,0.837261
-0.208256,0.0943703,-0.589291,0.330567,0.290531,-0.425813,0.639107,-0.246387,0.585375,-0.508046,0.353417,0.837365
-0.208179,0.0943947,-0.58939,0.330579,0.290569,-0.425918,0.639212,-0.246347,0.585491,-0.507969,0.353445,0.837468
-0.208102,0.0944191,-0.589488,0.330591,0.290608,-0.426022,0.639316,-0.246307,0.585606,-0.507893,0.353473,0.83757
-0.208022,0.0944433,-0.589589,0.330599,0.290648,-0.426131,0.639424,-0.246267,0.585722,-0.507815,0.353503,0.837675
-0.207946,0.0944689,-0.589681,0.330617,0.290684,-0.426232,0.639523,-0.246227,0.585837,-0.507742,0.353527,0.837774
-0.207871,0.0944917,-0.589775,0.330628,0.290722,-0.426332,0.639625,-0.246188,0.585949,-0.507667,0.353555,0.837872
-0.207796,0.094515,-0.589868,0.33064,0.290759,-0.426432,0.639725,-0.246149,0.58606,-0.507593,0.353583,0.83797
-0.207721,0.0945381,-0.589959,0.330652,0.290796,-0.426533,0.639825,-0.24611,0.586171,-0.50752,0.353609,0.838067
-0.207646,0.0945616,-0.59005,0.330663,0.290832,-0.426632,0.639924,-0.246071,0.586281,-0.507447,0.353637,0.838163
-0.207572,0.0945848,-0.59014,0.330675,0.290869,-0.426731,0.640022,-0.246033,0.58639,-0.507375,0.353664,0.838258
-0.207498,0.094608,-0.590228,0.330686,0.290905,-0.426829,0.64012,-0.245995,0.586499,-0.507304,0.35369,0.838353
-0.207424,0.0946308,-0.590315,0.330698,0.290941,-0.426927,0.640217,-0.245957,0.586607,-0.507232,0.353717,0.838447
-0.207348,0.0946536,-0.590406,0.330706,0.290979,-0.427029,0.640318,-0.245919,0.586715,-0.507159,0.353747,0.838544
-0.207275,0.0946779,-0.590488,0.330723,0.291013,-0.427123,0.64041,-0.24588,0.586823,-0.507091,0.35377,0.838635
-0.207203,0.0946995,-0.590572,0.330734,0.291049,-0.427217,0.640505,-0.245843,0.586928,-0.50702,0.353797,0.838726
-0.207131,0.0947215,-0.590655,0.330746,0.291084,-0.427311,0.640599,-0.245805,0.587033,-0.506951,0.353824,0.838816
-0.207059,0.0947432,-0.590737,0.330757,0.291118,-0.427405,0.640692,-0.245768,0.587137,-0.506883,0.35385,0.838905
-0.206987,0.0947655,-0.590818,0.330769,0.291153,-0.427498,0.640784,-0.245731,0.58724,-0.506815,0.353877,0.838994
-0.206914,0.0947874,-0.590902,0.330776,0.291189,-0.427595,0.64088,-0.245694,0.587344,-0.506745,0.353905,0.839085
-0.206843,0.0948105,-0.590978,0.330793,0.291221,-0.427685,0.640968,-0.245657,0.587447,-0.506679,0.353928,0.839171
-0.206773,0.0948314,-0.591056,0.330803,0.291256,-0.427775,0.641059,-0.24562,0.587548,-0.506612,0.353955,0.839256
-0.206703,0.0948526,-0.591132,0.330815,0.291289,-0.427865,0.641148,-0.245584,0.587648,-0.506546,0.353981,0.839341
-0.206633,0.0948736,-0.591208,0.330826,0.291322,-0.427955,0.641237,-0.245548,0.587748,-0.506481,0.354007,0.839426
-0.206563,0.094895,-0.591283,0.330837,0.291356,-0.428044,0.641325,-0.245512,0.587847,-0.506416,0.354033,0.83951
-0.206492,0.0949162,-0.59136,0.330845,0.29139,-0.428137,0.641417,-0.245476,0.587946,-0.506348,0.354061,0.839596
-0.206423,0.0949385,-0.59143,0.33086,0.291421,-0.428223,0.641501,-0.245439,0.588045,-0.506286,0.354083,0.839678
-0.206353,0.0949586,-0.591506,0.330868,0.291456,-0.428314,0.641591,-0.245404,0.588144,-0.506219,0.354112,0.839762
-0.206285,0.0949803,-0.591574,0.330883,0.291487,-0.428398,0.641674,-0.245368,0.588241,-0.506158,0.354135,0.839841
-0.206218,0.0949997,-0.591644,0.330893,0.291519,-0.428483,0.641758,-0.245333,0.588336,-0.506095,0.354161,0.83992
-0.20615,0.0950201,-0.591713,0.330904,0.291551,-0.428568,0.641842,-0.245298,0.58843,-0.506033,0.354186,0.839999
-0.206083,0.0950401,-0.591781,0.330915,0.291582,-0.428652,0.641925,-0.245264,0.588524,-0.505971,0.354211,0.840077
-0.206016,0.0950602,-0.591848,0.330925,0.291613,-0.428736,0.642008,-0.245229,0.588617,-0.50591,0.354236,0.840155
-0.205949,0.0950803,-0.591914,0.330936,0.291644,-0.42882,0.64209,-0.245195,0.588711,-0.505849,0.354261,0.840231
-0.205883,0.0951002,-0.59198,0.330946,0.291675,-0.428903,0.642172,-0.24516,0.588803,-0.505789,0.354286,0.840308
-0.205816,0.09512,-0.592044,0.330957,0.291706,-0.428985,0.642253,-0.245126,0.588895,-0.505729,0.354311,0.840384
-0.205748,0.09514,-0.592111,0.330964,0.291738,-0.429072,0.642337,-0.245092,0.588987,-0.505667,0.354338,0.840462
-0.205683,0.0951608,-0.592171,0.330979,0.291768,-0.429151,0.642414,-0.245057,0.589079,-0.505609,0.35436,0.840536
-0.205618,0.0951796,-0.592233,0.330989,0.291798,-0.429231,0.642493,-0.245024,0.589169,-0.50555,0.354385,0.840609
-0.205553,0.0951986,-0.592294,0.330999,0.291828,-0.42931,0.642571,-0.24499,0.589258,-0.505491,0.35441,0.840681
-0.205489,0.0952178,-0.592354,0.33101,0.291857,-0.42939,0.642649,-0.244957,0.589347,-0.505433,0.354434,0.840754
-0.205424,0.095237,-0.592413,0.33102,0.291887,-0.429469,0.642726,-0.244924,0.589435,-0.505376,0.354459,0.840825
-0.20536,0.095256,-0.592472,0.33103,0.291916,-0.429547,0.642803,-0.244891,0.589522,-0.505319,0.354483,0.840896
-0.205296,0.0952749,-0.59253,0.33104,0.291945,-0.429625,0.642879,-0.244858,0.589609,-0.505263,0.354507,0.840966
-0.205232,0.0952937,-0.592587,0.33105,0.291975,-0.429703,0.642955,-0.244825,0.589696,-0.505206,0.354531,0.841036
-0.205169,0.0953124,-0.592643,0.33106,0.292003,-0.42978,0.64303,-0.244793,0.589782,-0.50515,0.354555,0.841105
-0.205106,0.0953311,-0.592698,0.33107,0.292032,-0.429856,0.643104,-0.24476,0.589867,-0.505095,0.35458,0.841174
-0.205043,0.0953496,-0.592752,0.33108,0.29206,-0.429932,0.643177,-0.244728,0.589952,-0.50504,0.354603,0.841242
-0.20498,0.095368,-0.592806,0.33109,0.292089,-0.430007,0.643251,-0.244695,0.590037,-0.504985,0.354627,0.841309
-0.204918,0.0953863,-0.592859,0.3311,0.292117,-0.430082,0.643323,-0.244663,0.59012,-0.504931,0.354651,0.841375
-0.204856,0.0954045,-0.592911,0.33111,0.292145,-0.430156,0.643395,-0.244631,0.590203,-0.504877,0.354674,0.841441
-0.204794,0.0954224,-0.592962,0.331119,0.292172,-0.43023,0.643467,-0.2446,0.590286,-0.504824,0.354698,0.841507
-0.204732,0.0954404,-0.593013,0.331129,0.2922,-0.430303,0.643538,-0.244568,0.590368,-0.50477,0.354722,0.841572
-0.204669,0.0954585,-0.593065,0.331136,0.292228,-0.43038,0.643611,-0.244536,0.590451,-0.504716,0.354747,0.841638
-0.204608,0.0954771,-0.593112,0.331149,0.292255,-0.43045,0.643679,-0.244504,0.590533,-0.504665,0.354768,0.841701
-0.204549,0.0954942,-0.59316,0.331158,0.292282,-0.430521,0.643748,-0.244474,0.590613,-0.504613,0.354792,0.841763
-0.204489,0.0955116,-0.593208,0.331167,0.292308,-0.430592,0.643816,-0.244443,0.590692,-0.504561,0.354815,0.841825
-0.204429,0.0955288,-0.593254,0.331177,0.292335,-0.430663,0.643884,-0.244412,0.590771,-0.50451,0.354838,0.841887
-0.204367,0.0955462,-0.593303,0.331183,0.292363,-0.430736,0.643955,-0.244381,0.590851,-0.504458,0.354863,0.84195
-0.204308,0.0955642,-0.593346,0.331195,0.292388,-0.430804,0.64402,-0.24435,0.59093,-0.504409,0.354884,0.84201
-0.204249,0.095581,-0.593391,0.331204,0.292414,-0.430872,0.644086,-0.24432,0.591007,-0.504359,0.354907,0.842069
-0.20419,0.0955978,-0.593435,0.331213,0.29244,-0.430941,0.644152,-0.24429,0.591084,-0.50431,0.35493,0.842128
-0.204132,0.0956146,-0.593478,0.331222,0.292465,-0.431009,0.644217,-0.24426,0.591161,-0.504261,0.354952,0.842187
-0.204071,0.0956317,-0.593522,0.331228,0.292492,-0.431081,0.644285,-0.24423,0.591238,-0.50421,0.354977,0.842248
-0.204013,0.0956492,-0.593563,0.33124,0.292517,-0.431146,0.644347,-0.2442,0.591314,-0.504163,0.354997,0.842305
-0.203956,0.0956654,-0.593604,0.331249,0.292542,-0.431212,0.644411,-0.24417,0.591389,-0.504115,0.35502,0.842361
-0.203899,0.0956818,-0.593644,0.331257,0.292567,-0.431278,0.644474,-0.244141,0.591463,-0.504067,0.355043,0.842418
-0.203843,0.0956978,-0.593682,0.331268,0.292591,-0.431341,0.644534,-0.244112,0.591537,-0.504022,0.355063,0.842472
-0.203786,0.0957135,-0.593723,0.331273,0.292616,-0.431408,0.644598,-0.244083,0.591609,-0.503974,0.355087,0.842528
-0.203728,0.0957304,-0.593761,0.331282,0.29264,-0.431474,0.64466,-0.244054,0.591683,-0.503927,0.355109,0.842583
-0.203671,0.0957467,-0.593799,0.33129,0.292665,-0.431539,0.644721,-0.244025,0.591756,-0.503881,0.355131,0.842638
-0.203614,0.0957632,-0.593836,0.331298,0.29269,-0.431604,0.644782,-0.243996,0.591829,-0.503835,0.355153,0.842692
-0.203558,0.0957793,-0.593873,0.331307,0.292714,-0.431668,0.644843,-0.243968,0.591901,-0.503789,0.355175,0.842746
-0.203502,0.0957952,-0.593908,0.331315,0.292738,-0.431732,0.644903,-0.243939,0.591972,-0.503743,0.355197,0.8428
-0.203446,0.0958112,-0.593944,0.331323,0.292762,-0.431795,0.644962,-0.24391,0.592043,-0.503698,0.355219,0.842853
-0.20339,0.0958268,-0.593978,0.331331,0.292785,-0.431857,0.645022,-0.243882,0.592114,-0.503653,0.35524,0.842905
-0.203332,0.0958429,-0.594014,0.331337,0.29281,-0.431923,0.645082,-0.243854,0.592185,-0.503608,0.355264,0.842958
-0.203278,0.0958591,-0.594046,0.331348,0.292832,-0.431983,0.645139,-0.243825,0.592256,-0.503565,0.355283,0.843009
-0.203224,0.0958743,-0.594079,0.331356,0.292856,-0.432044,0.645197,-0.243798,0.592325,-0.503521,0.355305,0.843059
-0.203169,0.0958896,-0.594111,0.331363,0.292879,-0.432104,0.645253,-0.24377,0.592394,-0.503478,0.355327,0.843109
-0.203115,0.0959046,-0.594143,0.331371,0.292901,-0.432165,0.64531,-0.243743,0.592461,-0.503435,0.355348,0.843159
-0.203061,0.0959198,-0.594174,0.331378,0.292924,-0.432225,0.645366,-0.243715,0.592529,-0.503392,0.355369,0.843208
-0.203007,0.0959352,-0.594204,0.331386,0.292947,-0.432284,0.645421,-0.243688,0.592597,-0.50335,0.355391,0.843256
-0.202955,0.09595,-0.594233,0.331395,0.292968,-0.432341,0.645474,-0.243661,0.592662,-0.50331,0.35541,0.843302
-0.202903,0.0959643,-0.594262,0.331402,0.29299,-0.432398,0.645528,-0.243635,0.592728,-0.503269,0.355431,0.843349
-0.202849,0.0959792,-0.594292,0.331407,0.293013,-0.432459,0.645584,-0.243608,0.592793,-0.503227,0.355454,0.843397
-0.202795,0.0959946,-0.594319,0.331414,0.293035,-0.432518,0.645638,-0.243581,0.59286,-0.503186,0.355474,0.843445
-0.202739,0.09601,-0.594348,0.331419,0.293058,-0.43258,0.645694,-0.243554,0.592926,-0.503143,0.355497,0.843494
-0.202687,0.0960256,-0.594374,0.331429,0.29308,-0.432636,0.645747,-0.243527,0.592993,-0.503103,0.355516,0.84354
-0.202635,0.0960399,-0.594401,0.331436,0.293102,-0.432693,0.6458,-0.243501,0.593058,-0.503063,0.355537,0.843585
-0.202583,0.0960544,-0.594427,0.331443,0.293123,-0.43275,0.645852,-0.243474,0.593121,-0.503023,0.355558,0.843631
-0.202531,0.0960687,-0.594453,0.33145,0.293144,-0.432806,0.645903,-0.243448,0.593185,-0.502983,0.355578,0.843675
-0.202479,0.096083,-0.594477,0.331457,0.293165,-0.432862,0.645954,-0.243422,0.593248,-0.502944,0.355598,0.843719
-0.202428,0.0960973,-0.594502,0.331464,0.293186,-0.432917,0.646005,-0.243397,0.593311,-0.502905,0.355619,0.843763
-0.202376,0.0961116,-0.594526,0.33147,0.293207,-0.432972,0.646056,-0.243371,0.593374,-0.502867,0.355639,0.843806
-0.202325,0.0961259,-0.594549,0.331477,0.293228,-0.433028,0.646106,-0.243345,0.593436,-0.502828,0.355659,0.843849
-0.202274,0.0961402,-0.594572,0.331483,0.293249,-0.433082,0.646156,-0.24332,0.593498,-0.50279,0.35568,0.843892
-0.202224,0.0961541,-0.594594,0.33149,0.293269,-0.433137,0.646205,-0.243294,0.593559,-0.502753,0.3557,0.843934
-0.202171,0.0961684,-0.594617,0.331494,0.293291,-0.433193,0.646256,-0.243269,0.593621,-0.502714,0.355721,0.843978
-0.202119,0.096183,-0.594638,0.331501,0.293311,-0.433248,0.646305,-0.243243,0.593683,-0.502676,0.355741,0.84402
-0.202069,0.0961972,-0.594659,0.331508,0.293332,-0.433303,0.646354,-0.243218,0.593745,-0.502639,0.355761,0.844062
-0.20202,0.0962112,-0.594678,0.331516,0.293351,-0.433353,0.646401,-0.243192,0.593805,-0.502603,0.35578,0.844102
-0.201969,0.0962244,-0.594699,0.33152,0.293372,-0.433407,0.646449,-0.243168,0.593864,-0.502565,0.355801,0.844143
-0.201921,0.096238,-0.594718,0.331528,0.293391,-0.433458,0.646495,-0.243143,0.593923,-0.50253,0.355819,0.844182
-0.201873,0.0962511,-0.594736,0.331534,0.293411,-0.433509,0.646541,-0.243119,0.593981,-0.502495,0.355839,0.844221
-0.201824,0.0962645,-0.594755,0.331539,0.29343,-0.433559,0.646586,-0.243095,0.594039,-0.50246,0.355858,0.844259
-0.201775,0.0962777,-0.594773,0.331545,0.293449,-0.43361,0.646632,-0.243072,0.594097,-0.502425,0.355878,0.844297
-0.201727,0.0962911,-0.59479,0.33155,0.293468,-0.433661,0.646677,-0.243047,0.594154,-0.50239,0.355897,0.844335
-0.201678,0.0963044,-0.594807,0.331556,0.293487,-0.433712,0.646722,-0.243023,0.594211,-0.502356,0.355917,0.844373
-0.20163,0.0963177,-0.594823,0.331561,0.293507,-0.433762,0.646767,-0.243,0.594268,-0.502322,0.355936,0.844411
-0.201582,0.0963311,-0.594839,0.331567,0.293526,-0.433813,0.646811,-0.242976,0.594325,-0.502287,0.355955,0.844448
-0.201532,0.0963444,-0.594855,0.33157,0.293545,-0.433865,0.646856,-0.242952,0.594382,-0.502252,0.355976,0.844486
-0.201487,0.0963576,-0.594869,0.331579,0.293563,-0.433911,0.646898,-0.242928,0.594437,-0.50222,0.355992,0.844522
-0.201439,0.0963701,-0.594885,0.331583,0.293582,-0.433961,0.646942,-0.242905,0.594493,-0.502186,0.356013,0.844557
-0.201391,0.0963831,-0.594899,0.331588,0.2936,-0.43401,0.646984,-0.242882,0.594548,-0.502153,0.356032,0.844593
-0.201344,0.0963959,-0.594912,0.331593,0.293619,-0.434058,0.647027,-0.242859,0.594603,-0.50212,0.35605,0.844629
-0.201297,0.0964089,-0.594926,0.331598,0.293637,-0.434107,0.647069,-0.242836,0.594658,-0.502088,0.356069,0.844664
-0.20125,0.0964216,-0.594939,0.331603,0.293655,-0.434155,0.647111,-0.242813,0.594712,-0.502055,0.356088,0.844699
-0.201203,0.0964345,-0.594952,0.331608,0.293673,-0.434202,0.647152,-0.24279,0.594766,-0.502023,0.356107,0.844733
-0.201157,0.096447,-0.594964,0.331613,0.293691,-0.43425,0.647194,-0.242767,0.59482,-0.501991,0.356126,0.844767
-0.201111,0.0964596,-0.594975,0.331617,0.293709,-0.434297,0.647234,-0.242744,0.594874,-0.50196,0.356144,0.844801
-0.201065,0.0964721,-0.594987,0.331622,0.293727,-0.434344,0.647275,-0.242722,0.594927,-0.501928,0.356163,0.844834
-0.201019,0.0964846,-0.594998,0.331627,0.293744,-0.43439,0.647315,-0.242699,0.594979,-0.501897,0.356181,0.844868
-0.200973,0.0964971,-0.595008,0.331631,0.293762,-0.434437,0.647355,-0.242677,0.595032,-0.501867,0.356199,0.8449
-0.200927,0.0965094,-0.595018,0.331635,0.293779,-0.434482,0.647394,-0.242655,0.595084,-0.501836,0.356218,0.844933
-0.200884,0.0965215,-0.595028,0.331641,0.293796,-0.434526,0.647432,-0.242633,0.595135,-0.501806,0.356235,0.844964
-0.200836,0.0965337,-0.595038,0.331642,0.293814,-0.434575,0.647472,-0.242611,0.595187,-0.501775,0.356256,0.844997
-0.200791,0.0965462,-0.595046,0.331648,0.293831,-0.434619,0.64751,-0.242589,0.595239,-0.501745,0.356272,0.845029
-0.200746,0.0965584,-0.595055,0.331653,0.293848,-0.434664,0.647548,-0.242567,0.59529,-0.501715,0.356291,0.84506
-0.200702,0.0965706,-0.595063,0.331657,0.293865,-0.434709,0.647586,-0.242546,0.595341,-0.501686,0.356309,0.84509
-0.200657,0.0965824,-0.595071,0.331661,0.293882,-0.434753,0.647624,-0.242524,0.595391,-0.501657,0.356327,0.845121
-0.200613,0.0965945,-0.595079,0.331663,0.293899,-0.434798,0.647663,-0.242502,0.595441,-0.501626,0.356346,0.845153
-0.200568,0.0966071,-0.595085,0.331669,0.293915,-0.434841,0.647698,-0.242481,0.595492,-0.501599,0.356362,0.845182
-0.200524,0.0966184,-0.595092,0.331672,0.293932,-0.434885,0.647735,-0.24246,0.595541,-0.50157,0.35638,0.845211
-0.200481,0.0966301,-0.595098,0.331676,0.293948,-0.434928,0.647771,-0.242439,0.59559,-0.501542,0.356398,0.84524
-0.200437,0.0966417,-0.595104,0.33168,0.293964,-0.434971,0.647807,-0.242418,0.595639,-0.501514,0.356416,0.845269
-0.200393,0.0966533,-0.59511,0.331683,0.29398,-0.435014,0.647842,-0.242397,0.595687,-0.501486,0.356433,0.845298
-0.20035,0.096665,-0.595115,0.331686,0.293996,-0.435057,0.647877,-0.242376,0.595735,-0.501458,0.356451,0.845326
-0.200307,0.0966766,-0.59512,0.33169,0.294012,-0.435099,0.647912,-0.242355,0.595784,-0.501431,0.356468,0.845354
-0.200264,0.0966882,-0.595124,0.331693,0.294028,-0.435141,0.647947,-0.242335,0.595832,-0.501404,0.356486,0.845382
-0.200221,0.0966996,-0.595128,0.331697,0.294044,-0.435183,0.647982,-0.242314,0.595879,-0.501377,0.356503,0.84541
-0.200178,0.0967111,-0.595132,0.3317,0.29406,-0.435225,0.648016,-0.242294,0.595926,-0.50135,0.35652,0.845437
-0.200135,0.0967224,-0.595136,0.331703,0.294076,-0.435266,0.648049,-0.242274,0.595973,-0.501323,0.356538,0.845465
-0.200093,0.0967338,-0.595139,0.331706,0.294091,-0.435307,0.648083,-0.242253,0.59602,-0.501297,0.356555,0.845491
-0.200051,0.0967451,-0.595142,0.331709,0.294107,-0.435349,0.648116,-0.242233,0.596067,-0.501271,0.356572,0.845518
-0.200008,0.0967564,-0.595144,0.331712,0.294122,-0.435389,0.648149,-0.242213,0.596113,-0.501245,0.356589,0.845544
-0.199966,0.0967678,-0.595146,0.331715,0.294137,-0.43543,0.648182,-0.242193,0.596159,-0.501219,0.356606,0.84557
-0.199924,0.0967788,-0.595148,0.331718,0.294152,-0.43547,0.648214,-0.242173,0.596205,-0.501193,0.356623,0.845596
-0.199883,0.0967899,-0.59515,0.331721,0.294168,-0.43551,0.648247,-0.242154,0.59625,-0.501168,0.35664,0.845621
-0.199841,0.096801,-0.595151,0.331723,0.294183,-0.43555,0.648279,-0.242134,0.596295,-0.501143,0.356657,0.845647
-0.1998,0.0968121,-0.595152,0.331726,0.294197,-0.43559,0.64831,-0.242115,0.59634,-0.501118,0.356674,0.845671
-0.199757,0.0968232,-0.595152,0.331727,0.294213,-0.435631,0.648342,-0.242095,0.596386,-0.501092,0.356692,0.845697
-0.199716,0.0968343,-0.595153,0.331731,0.294227,-0.435669,0.648373,-0.242075,0.59643,-0.501068,0.356708,0.845721
-0.199674,0.0968453,-0.595153,0.331732,0.294243,-0.43571,0.648405,-0.242056,0.596475,-0.501043,0.356726,0.845746
-0.199634,0.0968562,-0.595152,0.331736,0.294257,-0.435747,0.648435,-0.242037,0.596519,-0.501019,0.356741,0.84577
-0.199594,0.0968667,-0.595152,0.331738,0.294271,-0.435785,0.648465,-0.242018,0.596563,-0.500995,0.356757,0.845793
-0.199554,0.0968774,-0.595151,0.33174,0.294286,-0.435823,0.648495,-0.241999,0.596606,-0.500971,0.356774,0.845816
-0.199514,0.0968878,-0.59515,0.331742,0.2943,-0.435861,0.648524,-0.24198,0.596649,-0.500948,0.35679,0.845839
-0.199475,0.0968982,-0.595149,0.331745,0.294313,-0.435897,0.648553,-0.241962,0.596691,-0.500925,0.356805,0.845862
-0.199435,0.0969087,-0.595147,0.331746,0.294328,-0.435935,0.648582,-0.241944,0.596733,-0.500902,0.356823,0.845884
-0.199394,0.0969193,-0.595145,0.331748,0.294342,-0.435973,0.648611,-0.241925,0.596776,-0.500879,0.356839,0.845907
-0.199354,0.09693,-0.595142,0.331749,0.294356,-0.436011,0.64864,-0.241906,0.596818,-0.500856,0.356855,0.845929
-0.199315,0.0969407,-0.59514,0.331751,0.29437,-0.436048,0.648669,-0.241888,0.59686,-0.500833,0.356872,0.845951
-0.199275,0.0969512,-0.595137,0.331753,0.294384,-0.436085,0.648697,-0.241869,0.596902,-0.500811,0.356888,0.845973
-0.199235,0.0969616,-0.595133,0.331755,0.294398,-0.436122,0.648725,-0.241851,0.596944,-0.500788,0.356904,0.845995
-0.199196,0.0969719,-0.59513,0.331756,0.294412,-0.436159,0.648753,-0.241833,0.596986,-0.500766,0.35692,0.846016
-0.199157,0.0969823,-0.595126,0.331758,0.294425,-0.436195,0.64878,-0.241815,0.597027,-0.500744,0.356936,0.846038
-0.199118,0.0969926,-0.595122,0.331759,0.294439,-0.436231,0.648807,-0.241797,0.597068,-0.500722,0.356952,0.846058
-0.199079,0.0970028,-0.595118,0.331761,0.294452,-0.436267,0.648834,-0.241779,0.597109,-0.500701,0.356968,0.846079
-0.19904,0.097013,-0.595114,0.331762,0.294466,-0.436303,0.648861,-0.241761,0.597149,-0.500679,0.356984,0.846099
-0.199002,0.0970231,-0.595109,0.331763,0.294479,-0.436338,0.648888,-0.241744,0.59719,-0.500658,0.356999,0.84612
-0.198963,0.0970332,-0.595104,0.331764,0.294492,-0.436374,0.648914,-0.241726,0.59723,-0.500637,0.357015,0.84614
-0.198925,0.0970433,-0.595099,0.331766,0.294505,-0.436409,0.64894,-0.241708,0.59727,-0.500616,0.357031,0.846159
-0.198885,0.0970536,-0.595092,0.331766,0.294519,-0.436446,0.648967,-0.241691,0.59731,-0.500595,0.357048,0.846179
-0.198848,0.0970636,-0.595087,0.331768,0.294532,-0.43648,0.648992,-0.241673,0.59735,-0.500574,0.357062,0.846199
-0.19881,0.0970737,-0.595081,0.331769,0.294545,-0.436514,0.649017,-0.241656,0.597389,-0.500554,0.357078,0.846218
-0.198772,0.0970836,-0.595075,0.33177,0.294557,-0.436549,0.649042,-0.241639,0.597428,-0.500533,0.357093,0.846237
-0.198735,0.0970932,-0.595068,0.331771,0.29457,-0.436583,0.649067,-0.241622,0.597467,-0.500513,0.357108,0.846256
-0.198697,0.0971031,-0.595061,0.331771,0.294583,-0.436617,0.649092,-0.241605,0.597505,-0.500494,0.357124,0.846274
-0.19866,0.0971128,-0.595055,0.331772,0.294595,-0.436651,0.649116,-0.241588,0.597544,-0.500474,0.357139,0.846292
-0.198623,0.0971225,-0.595047,0.331772,0.294608,-0.436685,0.649141,-0.241571,0.597582,-0.500454,0.357154,0.84631
-0.198587,0.097132,-0.595041,0.331774,0.29462,-0.436717,0.649164,-0.241555,0.597619,-0.500435,0.357168,0.846328
-0.198551,0.0971415,-0.595033,0.331774,0.294632,-0.436749,0.649187,-0.241538,0.597656,-0.500416,0.357183,0.846345
-0.198513,0.0971512,-0.595025,0.331773,0.294645,-0.436784,0.649211,-0.241522,0.597694,-0.500397,0.3572,0.846362
-0.198474,0.0971611,-0.595015,0.331773,0.294658,-0.436819,0.649235,-0.241505,0.597732,-0.500378,0.357216,0.84638
-0.198437,0.0971709,-0.595007,0.331774,0.29467,-0.436852,0.649259,-0.241488,0.597769,-0.500359,0.35723,0.846398
-0.198401,0.0971809,-0.594999,0.331774,0.294682,-0.436884,0.649282,-0.241471,0.597807,-0.50034,0.357245,0.846415
-0.198363,0.0971905,-0.594989,0.331774,0.294695,-0.436918,0.649305,-0.241455,0.597845,-0.500321,0.357261,0.846432
-0.198327,0.0971998,-0.59498,0.331775,0.294707,-0.43695,0.649328,-0.241439,0.597881,-0.500302,0.357275,0.84645
-0.19829,0.0972096,-0.594971,0.331774,0.294719,-0.436984,0.64935,-0.241422,0.597919,-0.500284,0.357291,0.846466
-0.198255,0.0972188,-0.594962,0.331775,0.294731,-0.437015,0.649373,-0.241406,0.597955,-0.500266,0.357305,0.846482
-0.198219,0.0972282,-0.594952,0.331775,0.294743,-0.437046,0.649394,-0.24139,0.597991,-0.500248,0.357319,0.846498
-0.198183,0.0972373,-0.594943,0.331775,0.294754,-0.437078,0.649416,-0.241375,0.598027,-0.50023,0.357334,0.846514
-0.198148,0.0972466,-0.594932,0.331775,0.294766,-0.437109,0.649437,-0.241359,0.598062,-0.500213,0.357349,0.846529
-0.198112,0.097256,-0.594922,0.331774,0.294777,-0.437141,0.649459,-0.241343,0.598098,-0.500195,0.357363,0.846545
-0.198077,0.0972651,-0.594912,0.331774,0.294789,-0.437172,0.64948,-0.241328,0.598133,-0.500178,0.357378,0.84656
-0.198041,0.0972743,-0.594901,0.331773,0.294801,-0.437203,0.649501,-0.241312,0.598168,-0.500161,0.357393,0.846575
-0.198006,0.0972834,-0.59489,0.331773,0.294812,-0.437235,0.649521,-0.241297,0.598203,-0.500144,0.357407,0.84659
-0.197971,0.0972927,-0.594878,0.331773,0.294824,-0.437266,0.649542,-0.241281,0.598238,-0.500127,0.357422,0.846605
-0.197935,0.0973018,-0.594867,0.331772,0.294835,-0.437296,0.649562,-0.241266,0.598273,-0.50011,0.357436,0.84662
-0.1979,0.0973111,-0.594856,0.331771,0.294846,-0.437327,0.649583,-0.24125,0.598307,-0.500094,0.357451,0.846634
-0.197865,0.0973202,-0.594844,0.331771,0.294857,-0.437358,0.649603,-0.241235,0.598342,-0.500077,0.357465,0.846648
-0.197829,0.0973294,-0.594831,0.331769,0.294869,-0.43739,0.649623,-0.24122,0.598377,-0.500061,0.35748,0.846663
-0.197795,0.0973383,-0.594819,0.331769,0.29488,-0.437419,0.649643,-0.241204,0.598411,-0.500044,0.357494,0.846677
-0.197762,0.0973471,-0.594808,0.331769,0.294891,-0.437448,0.649662,-0.24119,0.598444,-0.500028,0.357507,0.846691
-0.197727,0.0973559,-0.594795,0.331768,0.294902,-0.437478,0.649681,-0.241175,0.598478,-0.500012,0.357522,0.846704
-0.197693,0.0973647,-0.594782,0.331766,0.294913,-0.437508,0.6497,-0.24116,0.598511,-0.499997,0.357536,0.846717
-0.197658,0.0973735,-0.594769,0.331765,0.294924,-0.437538,0.649719,-0.241145,0.598545,-0.499981,0.35755,0.846731
-0.197624,0.0973826,-0.594756,0.331764,0.294935,-0.437567,0.649738,-0.241131,0.598578,-0.499965,0.357564,0.846744
-0.19759,0.0973916,-0.594743,0.331763,0.294945,-0.437597,0.649756,-0.241116,0.598611,-0.49995,0.357578,0.846757
-0.197556,0.0974004,-0.594729,0.331762,0.294956,-0.437626,0.649775,-0.241101,0.598644,-0.499934,0.357592,0.84677
-0.19752,0.0974093,-0.594715,0.33176,0.294967,-0.437657,0.649794,-0.241087,0.598678,-0.499919,0.357607,0.846783
-0.197486,0.0974182,-0.594701,0.331758,0.294978,-0.437687,0.649812,-0.241072,0.598711,-0.499904,0.357621,0.846796
-0.197453,0.0974271,-0.594687,0.331758,0.294989,-0.437715,0.64983,-0.241057,0.598743,-0.499888,0.357634,0.846809
-0.19742,0.0974358,-0.594674,0.331757,0.294999,-0.437743,0.649848,-0.241043,0.598776,-0.499874,0.357648,0.846821
-0.197387,0.0974441,-0.59466,0.331755,0.295009,-0.437771,0.649865,-0.241029,0.598808,-0.499859,0.357661,0.846833
-0.197354,0.0974526,-0.594645,0.331754,0.29502,-0.4378,0.649883,-0.241015,0.598839,-0.499844,0.357675,0.846845
-0.19732,0.0974611,-0.594631,0.331752,0.29503,-0.437828,0.6499,-0.241001,0.598871,-0.49983,0.357689,0.846856
