-0.260237,0.0624156,0.103612,0.264719,0.109387,-0.100567,0.291172,-0.0788943,0.0555218,-0.168581,0.263096,0.418371
-0.319904,0.0926568,0.0120972,0.411095,0.151503,-0.135326,0.37433,-0.122296,0.0959743,-0.258554,0.302461,0.58529
-0.353906,0.0991517,-0.118623,0.474839,0.149342,-0.0884962,0.382384,-0.193885,0.156168,-0.336837,0.333476,0.579446
-0.381426,0.0752722,-0.19385,0.50087,0.151601,-0.0796784,0.396271,-0.252389,0.185818,-0.405692,0.325909,0.571372
-0.354543,0.122701,-0.292622,0.546235,0.121214,-0.108863,0.361434,-0.260225,0.199721,-0.391145,0.3082,0.467404
-0.247422,0.289149,-0.358674,0.718666,0.0422797,-0.18166,0.204374,-0.236241,0.252008,-0.41621,0.187279,0.25698
-0.21437,0.320179,-0.317996,0.831916,0.0198678,-0.206386,0.146428,-0.157718,0.290442,-0.499139,0.121718,0.242675
-0.292664,0.230265,-0.358925,0.731417,0.130854,-0.180627,0.339701,-0.138447,0.371362,-0.554511,0.180931,0.448236
-0.354608,0.153364,-0.471367,0.631088,0.204799,-0.14238,0.487711,-0.136886,0.439493,-0.575867,0.260512,0.640696
-0.437466,0.0690353,-0.602068,0.471299,0.251571,-0.141524,0.502629,-0.113515,0.352448,-0.448351,0.356791,0.726007
-0.408097,0.145586,-0.621067,0.473976,0.229638,-0.193194,0.272572,-0.0534542,0.23639,-0.426842,0.25605,0.73085
-0.383976,0.203484,-0.546787,0.530156,0.183826,-0.239483,0.18292,-0.0974792,0.248999,-0.434283,0.16014,0.750747
-0.299118,0.30441,-0.449945,0.689403,0.10617,-0.309556,0.186236,-0.0789967,0.398432,-0.532639,0.0924272,0.765566
-0.308479,0.277921,-0.461489,0.667275,0.154376,-0.333928,0.262803,-0.0664821,0.44154,-0.513321,0.132029,0.783802
-0.365145,0.185222,-0.591688,0.546444,0.197222,-0.281559,0.404992,-0.0899785,0.44764,-0.377974,0.249186,0.812016
-0.451076,0.0852371,-0.752722,0.387195,0.226976,-0.198774,0.463371,-0.0930995,0.389119,-0.257753,0.330608,0.851207
-0.490729,0.0780378,-0.787534,0.343634,0.243181,-0.163788,0.416529,-0.0676739,0.344298,-0.292344,0.270107,0.951757
-0.447726,0.152634,-0.700764,0.381279,0.243496,-0.227249,0.269983,-0.0447173,0.298805,-0.372539,0.133149,1.00581
-0.402847,0.210424,-0.594415,0.442941,0.206164,-0.307411,0.157394,-0.0424761,0.278921,-0.381651,0.0472717,1.00669
-0.365074,0.25698,-0.583812,0.51928,0.122006,-0.326444,0.215906,-0.0367417,0.360166,-0.298712,0.0867007,0.974943
-0.39748,0.195251,-0.703549,0.443986,0.124617,-0.271031,0.364241,-0.0602997,0.418217,-0.181136,0.181909,0.969581
-0.522299,0.00809716,-0.878579,0.203515,0.210469,-0.0927112,0.535249,-0.0834162,0.376576,-0.0196583,0.315203,1.05935
-0.559165,-0.0243688,-0.953653,0.128367,0.231968,-0.0520899,0.503623,-0.037119,0.313463,-0.0267327,0.274025,1.16007
-0.461848,0.0202581,-0.855429,0.0825436,0.237285,-0.120071,0.285502,0.0392962,0.138061,-0.105539,0.0568367,1.25102
-0.413876,0.0489984,-0.71952,0.14334,0.179839,-0.186749,0.193326,-0.0335674,0.116046,-0.100156,-0.0417599,1.27372
-0.361969,0.179229,-0.645032,0.304634,0.091964,-0.268321,0.278115,-0.00484672,0.283323,-0.056528,0.0393074,1.23079
-0.39233,0.101882,-0.804992,0.196392,0.108611,-0.171357,0.507479,-0.0492496,0.389153,0.122607,0.180995,1.18112
-0.427124,0.0257975,-0.974799,0.0811382,0.122875,-0.054258,0.589735,-0.0348561,0.385932,0.230694,0.246973,1.1282
-0.494272,-0.0825446,-1.06305,-0.0409605,0.198503,-0.00638773,0.563834,0.0101522,0.290462,0.221577,0.240499,1.20985
-0.428047,-0.0124629,-0.989881,0.00110806,0.164471,-0.0440787,0.443536,0.0077697,0.246486,0.104698,0.0936971,1.32101
-0.37231,0.0561137,-0.859196,0.0893097,0.0957951,-0.106862,0.401885,-0.0211489,0.269475,0.0383362,0.0352216,1.34838
-0.342178,0.0858215,-0.822251,0.128609,0.0446551,-0.14026,0.484193,-0.0101499,0.361069,0.0686713,0.116273,1.30112
-0.317208,0.111524,-0.913707,0.125081,0.0307703,-0.121049,0.573828,-0.0263975,0.43429,0.185381,0.151134,1.17218
-0.333531,0.0933808,-0.989034,0.0961337,0.0674798,-0.113568,0.585183,0.00584368,0.445943,0.194122,0.176586,1.11136
-0.344318,0.0766774,-0.983935,0.0878164,0.108967,-0.136849,0.57813,0.0169435,0.454269,0.0877107,0.163706,1.19199
-0.311607,0.114285,-0.914706,0.149248,0.0913952,-0.185159,0.546512,0.0064292,0.477842,-0.0149398,0.1241,1.25589
-0.2898,0.124893,-0.867059,0.178102,0.0723347,-0.210883,0.548447,-0.00303216,0.501932,-0.0255394,0.135488,1.2533
-0.232056,0.194816,-0.848795,0.259131,0.0201416,-0.264266,0.52697,0.00458737,0.554266,-0.0210536,0.11096,1.15236
-0.227148,0.20328,-0.872633,0.25751,0.0367143,-0.289277,0.529122,0.0136465,0.567235,-0.00457623,0.123099,1.08263
-0.280675,0.137302,-0.922351,0.166065,0.0878969,-0.236938,0.590445,-0.00991427,0.560792,0.0369581,0.168662,1.10377
-0.276481,0.140758,-0.918907,0.176577,0.0934055,-0.219656,0.597939,-0.0193469,0.592622,-0.026446,0.163786,1.1522
-0.244935,0.171375,-0.861882,0.225927,0.0825815,-0.273138,0.542729,0.00548207,0.58992,-0.109192,0.136755,1.18921
-0.200404,0.221221,-0.798776,0.297626,0.0422241,-0.350565,0.467191,0.0292757,0.583301,-0.133365,0.103403,1.14517
-0.181186,0.249296,-0.775087,0.334597,0.0337823,-0.38573,0.475497,0.00394451,0.62402,-0.123688,0.10217,1.07631
-0.193561,0.232908,-0.813733,0.312856,0.0677947,-0.343564,0.553085,-0.0428681,0.680994,-0.101305,0.132509,1.03658
-0.253024,0.161629,-0.880674,0.217933,0.125667,-0.270168,0.610253,-0.0524342,0.671944,-0.0822136,0.191299,1.09019
-0.288152,0.125881,-0.909035,0.161912,0.145176,-0.255584,0.592042,-0.0201354,0.618913,-0.0895869,0.194741,1.16746
-0.267982,0.154322,-0.880153,0.184506,0.11513,-0.294272,0.508987,0.0159179,0.57149,-0.121588,0.147067,1.20715
-0.198041,0.237719,-0.768759,0.305317,0.0519115,-0.382827,0.417226,0.0218642,0.598524,-0.194159,0.0972447,1.17774
-0.165473,0.270543,-0.705113,0.367948,0.0443621,-0.439735,0.42789,-0.00949125,0.660015,-0.215115,0.101202,1.1295
-0.164682,0.268915,-0.726049,0.369732,0.068612,-0.439303,0.479462,-0.0353362,0.709087,-0.200825,0.122755,1.08526
-0.209524,0.212606,-0.826324,0.28175,0.116231,-0.351439,0.583896,-0.0740672,0.726241,-0.102394,0.179522,1.0453
-0.290766,0.122575,-0.918208,0.1551,0.169762,-0.272388,0.609066,-0.049121,0.665409,-0.0732636,0.222153,1.12103
-0.282594,0.137977,-0.9002,0.162873,0.156964,-0.284949,0.543532,-0.0141622,0.61956,-0.14745,0.177469,1.21042
-0.193199,0.241413,-0.767752,0.312041,0.0736479,-0.385535,0.403186,0.014048,0.624225,-0.259363,0.107819,1.19571
-0.126795,0.310868,-0.656978,0.436756,0.0284719,-0.483313,0.350639,-0.0030088,0.675178,-0.299832,0.0925562,1.10064
-0.107161,0.323062,-0.65439,0.471876,0.0440879,-0.510865,0.40981,-0.0377648,0.743212,-0.281435,0.107167,1.01206
-0.164275,0.250754,-0.777852,0.360388,0.112003,-0.41721,0.547441,-0.0887464,0.767148,-0.162131,0.166628,0.970801
-0.275759,0.117498,-0.911383,0.177429,0.183731,-0.270722,0.642382,-0.0882041,0.70662,-0.0594174,0.252912,1.0411
-0.322314,0.0883184,-0.954549,0.109893,0.203648,-0.236553,0.594571,-0.0457005,0.631746,-0.121813,0.224169,1.17458
-0.246625,0.174713,-0.849861,0.187034,0.146619,-0.323026,0.423798,0.0118504,0.552417,-0.243385,0.12046,1.24627
-0.135841,0.289926,-0.638383,0.390218,0.041189,-0.461164,0.263046,0.0178195,0.583843,-0.335274,0.0604292,1.17415
-0.0473104,0.381435,-0.543952,0.548279,-0.0053651,-0.585174,0.295421,-0.0172132,0.711458,-0.3224,0.0646613,1.00326
-0.000308417,0.389589,-0.617692,0.543038,0.0459684,-0.557381,0.515222,-0.132011,0.910882,-0.170866,0.0620558,0.76504
-0.143206,0.167328,-0.849002,0.253864,0.199673,-0.275166,0.699409,-0.133797,0.819781,0.0701124,0.247633,0.755047
-0.357753,0.00650872,-1.02665,0.0228241,0.28053,-0.130604,0.706893,-0.104973,0.697122,-0.0243877,0.29368,0.992003
-0.305495,0.102612,-0.944357,0.00202439,0.285368,-0.158427,0.50366,-0.0407493,0.497094,-0.223186,0.125578,1.22404
-0.115953,0.207227,-0.590432,0.224045,0.116933,-0.37236,0.158996,-0.0107135,0.444195,-0.476068,-0.0456663,1.21397
-0.0205083,0.345334,-0.330173,0.547741,-0.0078842,-0.650401,0.106426,0.00984665,0.549362,-0.477736,0.00353713,1.03479
0.157849,0.497243,-0.297553,0.714666,-0.0605625,-0.782495,0.364197,-0.076702,0.899635,-0.27258,-0.0339842,0.686953
0.334316,0.363299,-0.427876,0.478609,0.0548272,-0.446349,0.654894,-0.329742,1.1014,0.293669,0.0786976,0.0972153
-0.0271935,0.0218022,-0.892464,0.0813585,0.349015,0.0344505,0.755479,-0.294303,0.92876,0.391338,0.353403,0.224027
-0.635001,-0.0391257,-0.896165,-0.0874545,0.499913,0.154853,0.766159,-0.320298,0.639027,0.0310853,0.201134,0.846464
-0.212817,0.12711,-0.412462,-0.196485,0.394416,-0.119212,0.180343,-0.0859999,0.0481424,-0.510929,-0.13955,1.05153
-0.0356906,0.207322,-0.0484168,0.283006,0.143217,-0.494851,-0.249928,-0.135123,0.137227,-0.625695,-0.27804,0.933819
0.371183,0.599989,0.203462,0.933828,-0.166355,-1.02651,0.0903689,-0.0679625,0.782596,-0.391684,-0.27481,0.417527
0.798901,0.484181,0.196346,0.894047,-0.213498,-0.583468,0.657531,-0.366398,1.21496,0.263098,-0.202081,-0.435324
0.655034,0.113109,-0.333416,0.187701,0.29978,0.237037,0.727356,-0.805297,1.09585,0.872151,0.531245,-0.998613
-0.782435,-0.27813,-0.627331,-0.038093,0.506508,0.561256,0.886779,-0.607219,0.709154,0.401554,0.558437,-0.158862
-0.972315,-0.0513161,-0.206437,-0.265691,0.594173,0.185549,0.565978,-0.332692,-0.0155807,-0.0646514,-0.0359487,0.923338
-0.240708,0.114543,0.649285,-0.417161,0.170336,-0.0774281,-0.42956,0.0134915,-0.740142,-0.944727,-0.444525,0.877713
0.0757042,0.366134,0.634928,0.459617,-0.00768745,-0.68498,-0.357137,-0.100413,-0.0337079,-0.665238,-0.357966,0.729618
1.00686,0.491408,0.553159,0.962162,-0.265225,-0.558724,0.732354,-0.47025,1.19963,0.288772,-0.412544,-0.630077
1.35762,0.145287,0.253216,0.717564,-0.0001885,0.415382,0.816379,-0.841088,1.28029,0.952215,0.0686416,-1.92586
-0.502758,-0.408913,-0.213375,0.0643879,0.537084,0.907365,1.03284,-0.604452,0.670247,0.677315,0.776735,-0.904054
-1.03811,-0.184521,-0.0102517,-0.219728,0.515732,0.36819,0.701419,-0.202711,-0.026008,0.0704401,0.0629184,0.848291
-0.440715,0.00110188,0.737099,-0.403913,0.132893,0.078336,-0.0819078,-0.027693,-0.821294,-0.81715,-0.354451,0.919701
0.0157639,0.263486,0.646138,-0.0709413,0.227469,-0.153724,-0.593529,-0.278679,-0.38466,-0.77128,-0.487704,0.407629
0.998199,0.461489,0.721127,0.989893,-0.122874,-0.726005,0.597228,-0.41787,1.17793,-0.00454303,-0.537656,-0.716613
1.27288,0.0771578,0.300581,0.686992,0.00854626,0.0822601,0.880872,-0.766758,1.31385,0.971462,-0.135787,-1.69841
-0.128757,-0.579983,-0.23995,-0.00728099,0.506575,0.787368,1.00457,-0.627317,0.783827,0.921553,0.575666,-1.36127
-1.09788,-0.336217,0.113294,-0.265286,0.453842,0.630845,0.823543,-0.324003,0.158034,0.269687,0.11024,0.609859
-0.440547,-0.0355139,0.645563,-0.385715,0.10373,0.0475792,-0.0113647,0.00730823,-0.632767,-0.732661,-0.322022,0.950883
-0.0149375,0.0522315,1.19017,-0.345773,0.176913,-0.00329958,-0.790873,-0.00567921,-0.90041,-1.00482,-0.499749,0.522494
1.20947,0.594112,1.14793,1.16345,-0.38036,-0.879261,0.49063,-0.288667,1.18584,-0.30326,-0.695942,-0.804799
1.77099,0.156326,0.673274,1.0059,-0.228176,0.117379,0.984666,-0.653099,1.51282,0.973158,-0.565283,-2.25843
0.901124,-0.315991,0.00484687,0.378969,0.153954,0.550383,0.782961,-0.600703,1.1262,1.16464,-0.243737,-2.16477
-0.739737,-0.240087,0.0307609,0.130735,0.273833,0.742943,0.910617,-0.478645,0.584132,0.274474,0.378072,-0.556538
-0.823619,0.228727,-0.0301948,-0.0275312,0.307866,0.241512,0.544081,-0.302905,-0.0223823,-0.239073,-0.0323258,0.556645
-0.0753564,0.393481,0.590879,-0.0448294,0.12872,-0.177659,-0.448694,-0.181056,-0.289844,-1.02347,-0.294962,0.463643
-0.0834774,0.443505,0.248698,0.341937,0.171977,-0.259657,-0.437241,-0.378953,-0.199732,-0.544996,-0.433517,0.21444
0.672711,0.371803,0.217418,0.929076,-0.065788,-0.769209,0.37373,-0.480579,0.79131,0.271433,-0.552419,-0.765302
0.786958,0.0200684,-0.266458,0.383816,0.203328,0.0317188,0.648614,-0.757352,0.798259,1.05768,0.0273954,-1.41765
-1.01606,-0.473268,-0.20003,-0.0244076,0.635805,0.835173,1.06586,-0.756809,0.323188,0.752219,0.655999,-0.323241
-1.31284,-0.28617,-0.299773,-0.131381,0.694298,0.734283,0.89441,-0.638009,0.100859,0.307499,0.356073,0.49115
-1.03783,-0.0772455,-0.17448,-0.323713,0.786318,0.431374,0.532653,-0.465543,-0.379733,-0.0729723,-0.101331,0.884221
-0.1664,0.0626076,0.579097,-0.311687,0.372147,-1.53631e-05,-0.666244,-0.154369,-0.759097,-0.955929,-0.522666,0.705744
0.315285,0.463675,0.907818,0.976551,-0.197191,-0.880348,-0.778359,0.02176,-0.263648,-0.625405,-0.672651,0.405006
1.30126,0.605171,0.626144,1.63105,-0.671625,-0.528274,0.670308,-0.305369,1.03875,0.173607,-1.03404,-1.19622
2.05372,0.223774,0.358198,1.37747,-0.49698,0.782965,1.14441,-0.714193,1.39354,0.972045,-0.293177,-3.24674
0.564782,-0.252282,-0.586295,0.377391,0.70725,1.3163,1.10888,-0.781531,0.96454,0.841731,0.905951,-1.89495
-0.694266,-0.179657,-0.458015,0.187314,0.615952,0.692903,0.788243,-0.167131,0.221553,-0.095371,0.236751,0.252835
-0.202112,0.130977,-0.21055,0.279114,0.375944,-0.0475022,0.0856623,-0.445259,0.208919,-0.81963,-0.13227,0.599198
-0.0380577,0.275814,0.656628,-0.153288,0.126215,-0.184134,-0.861271,-0.0574873,-0.332451,-1.52923,-0.380614,0.19018
-0.515803,0.288774,1.48985,-0.661796,-0.0565486,-0.102253,-1.02033,0.15647,-0.929695,-1.87061,-0.381411,0.0928255
-1.12931,-0.101158,0.490082,-0.792407,0.40562,-0.340854,0.0512501,-0.278054,-1.02499,-0.588431,0.216311,0.632867
0.590381,-0.258733,-0.495802,-0.0807016,-0.102294,0.374352,1.01987,-1.23138,0.266978,1.34799,0.181869,-1.42248
0.899156,-0.510414,-1.05552,0.118943,0.29602,0.831852,0.999866,-1.54576,0.332966,1.90398,0.348784,-2.28271
-0.614287,-0.921855,0.133615,-0.356953,0.28838,0.575745,0.382601,-0.591531,-0.346463,0.579693,0.0573097,-0.574913
-1.25632,-0.350554,1.60299,-0.969512,-0.349868,0.598499,-0.121087,0.392597,-1.95966,-0.522763,-0.590447,0.882853
-0.20856,0.145413,1.15227,-0.501604,-0.460521,0.0485882,-0.162659,-0.228707,-0.629254,-0.811509,-0.472969,0.64722
1.13377,0.292076,0.0652002,-0.236195,-0.601009,0.965034,0.998913,-0.856197,0.892102,0.588615,-0.375017,-1.05698
1.59034,-0.284346,-0.401238,-0.0566852,0.0882156,1.27103,1.18677,-1.23845,1.18706,1.52092,0.191006,-2.45798
-1.24466,-1.45667,0.533981,-0.62328,0.699539,1.65501,0.850583,-0.925779,-0.126112,1.5428,0.510232,-0.764629
-2.03888,-1.27358,1.5198,-1.1943,0.25943,1.11265,0.477589,0.0820843,-1.82281,0.833063,-0.350396,1.68475
-1.23242,-0.63828,1.40374,-1.11438,0.227119,0.693724,0.553319,-0.409649,-1.58972,0.238318,-0.61226,1.69662
0.270957,0.137837,0.0796354,-0.191414,-0.831015,0.89739,1.03663,-0.506561,-0.228555,0.404551,-0.597454,0.66115
1.19472,0.177664,-0.0492187,0.918919,-0.688281,1.31753,1.23707,-0.405978,0.843839,0.231067,-0.00479199,-0.939197
0.157654,-0.45124,-0.759209,-0.0371639,0.334256,1.27211,1.55986,-0.486622,0.504719,0.773837,0.71898,-0.303193
-0.881039,-1.06391,-0.0878125,-0.559317,0.486318,1.06696,1.14792,-0.573515,-0.514439,1.01447,0.291952,0.895457
-0.539938,-0.934476,0.382977,-0.613542,0.253872,0.884267,0.198148,-0.609217,-1.64064,0.829113,-0.54975,1.57115
0.266986,-0.100119,0.468403,0.340116,-0.446476,0.272845,-0.286695,-0.262959,-1.29883,0.61,-0.983891,1.12645
1.0164,0.770248,0.431981,1.88029,-1.50492,0.0297177,0.27959,0.311083,0.480349,-0.253366,-1.36084,-0.414146
1.66559,0.702729,0.586113,2.0899,-1.4642,0.798853,0.960842,0.190899,0.971369,-0.1431,-0.747309,-2.27811
1.63019,0.376353,0.456233,1.17493,-0.636048,1.41123,1.22257,-0.479286,1.15276,0.472869,0.228841,-2.81937
-0.0817572,-0.018404,-0.380761,0.399033,0.731308,1.30575,1.25791,-0.406282,0.459631,0.420029,1.09542,-0.948266
-1.53074,-0.380509,-0.343996,-0.169883,1.15034,0.924785,1.15082,-0.0927808,-0.627269,0.572153,0.162489,1.0959
-0.855923,-0.0867994,-0.301489,-0.207069,0.836871,0.453805,0.718964,-0.179771,-0.836215,-0.104706,-0.250378,1.47739
-0.721521,0.0765861,-0.262632,-0.227692,0.839981,0.320477,0.583989,-0.477416,-0.679851,-0.222902,-0.197319,1.26805
-1.00311,-0.234482,-0.232094,-0.416409,0.739689,0.6981,0.739154,-0.501795,-0.600991,0.37157,0.0700633,1.36506
-0.512333,-0.673972,-0.403374,-0.453561,0.478357,1.29135,0.765532,-0.0882912,-0.586973,0.881893,0.699329,0.810671
-0.353309,-0.77987,-0.261213,-0.460979,0.370899,1.20999,0.577407,-0.102043,-0.613408,0.671666,0.498326,0.987016
0.0250719,-0.654139,0.285061,-0.289342,-0.00111857,0.525456,-0.135399,0.1312,-0.963437,0.393496,-0.186178,1.38257
0.492661,-0.0351125,0.246207,0.404227,-0.444957,-0.0161877,-0.171847,-0.0169321,-0.557869,0.518853,-0.506028,0.823768
1.0714,0.42386,-0.146983,0.865812,-0.532446,0.110478,0.668431,-0.440395,0.862149,0.66059,-0.692041,-1.02528
1.34719,0.240765,-0.234384,0.806407,-0.162099,0.554105,0.754102,-0.724494,1.51613,0.981668,-0.0214498,-2.49979
0.045042,-0.341451,-0.487279,0.0100397,0.561396,0.963482,0.823628,-0.80542,1.05054,1.28546,0.643389,-2.27667
-1.779,-0.56092,0.583546,-0.522206,0.442916,0.910463,0.918855,-0.0149382,-0.323026,0.95452,0.0348206,1.0999
-1.60558,0.0280311,0.387342,-0.835513,0.398871,0.839578,1.04107,-0.11467,-0.962498,0.471895,-0.246103,1.76948
-1.82462,0.111215,-0.175375,-0.790379,0.721142,1.33052,1.29373,-0.672559,-0.350361,0.879118,0.116915,1.4716
-0.942441,-0.0557601,-0.536025,-0.438745,0.417033,1.69133,1.00046,-0.377613,-0.177675,0.861931,0.651256,0.764415
-0.916767,-0.014105,-0.371653,-0.447869,0.484114,1.40722,0.977485,-0.178025,-0.0647952,0.546671,0.132799,1.18191
-0.511624,0.0381628,0.132867,-0.414102,0.334207,0.989258,0.55161,-0.167759,-0.425843,0.424923,-0.525597,1.52414
0.230095,-0.00113846,0.629681,0.225675,-0.134825,0.418745,-0.0547509,-0.079836,-0.47761,0.525763,-0.862884,1.4624
0.687565,0.209341,0.413397,0.733916,-0.541162,0.00073272,0.239532,-0.173726,0.0172239,0.65042,-0.750582,0.610154
1.19714,0.342568,0.120896,1.1009,-0.611088,0.16703,0.835946,-0.329614,0.939983,0.600327,-0.549182,-0.862798
1.25958,0.244771,0.23817,1.08194,-0.488786,0.360707,0.926329,-0.445012,1.32121,0.63834,-0.00665058,-1.76704
0.308903,-0.0886896,-0.171491,0.462148,0.059189,0.372902,0.99004,-0.263526,1.04778,0.436775,0.247701,-1.41027
-0.721542,-0.227652,-0.17907,0.0381971,0.148404,0.302912,1.07241,-0.119533,0.420364,0.143339,0.22546,-0.208719
-0.964676,0.00625955,0.0565817,-0.0519479,0.279375,-0.015722,0.896322,-0.250497,-0.228272,-0.0204213,0.0513024,1.11472
-0.571393,0.275285,0.043604,0.166876,0.273098,-0.268981,0.621601,-0.31878,-0.169897,-0.314421,-0.0249256,1.25999
-0.354131,0.536812,0.203001,0.595655,-0.088981,-0.207112,0.405821,-0.00153233,0.110873,-0.465355,0.069201,1.05706
-0.419923,0.493364,0.114907,0.764618,-0.214182,-0.125253,0.713282,0.186099,0.33052,-0.447208,0.183592,1.07322
-0.611343,0.10691,-0.157369,0.48555,-0.130123,-0.200938,1.03793,-0.013148,0.482815,-0.127212,-0.00728069,1.44314
-0.237788,0.373266,-0.594379,1.16407,0.357062,-0.588618,0.687718,0.231551,0.467306,0.00183419,0.274805,1.06739
-0.345321,0.127905,-0.971858,1.30918,0.743271,-0.553456,0.680844,0.338829,0.234521,0.250628,0.49845,0.969155
-0.101361,0.243687,-0.847216,1.84118,0.627152,-0.800741,0.513426,0.443698,0.44166,0.0511099,0.409952,0.84541
0.179789,0.544312,-0.467552,2.64897,0.312183,-0.847349,0.421785,0.581234,0.732674,-0.235176,0.406239,0.34626
0.246248,0.688864,-0.15022,3.01634,0.155371,-0.693886,0.592772,0.674574,0.936213,-0.379308,0.21053,-0.0400262
0.233142,0.746665,0.282333,3.146,-0.0683787,-0.150039,1.14366,0.262145,1.45669,-0.147741,0.0189991,-0.749473
0.0440243,0.52794,-0.127225,2.55898,0.481375,0.0369658,1.24892,0.00983737,1.43252,0.0995351,0.116833,-0.900436
-0.344085,0.262995,-1.03047,2.06951,0.852004,-0.280869,0.953569,0.180094,0.952199,0.130097,0.434488,-0.62873
-0.623638,-0.010375,-1.36999,1.76996,0.93683,-0.855281,0.71534,0.60649,0.245314,0.185884,0.732282,0.163081
0.151386,0.54191,-0.727421,2.5745,0.0260901,-1.2319,-0.506975,2.54565,-0.0363905,-0.960968,0.158786,0.145615
0.124058,0.34224,-0.204149,2.57642,0.337531,-1.9529,-0.0307109,2.80085,-0.0506257,-1.03225,0.507152,0.481642
0.451691,0.783899,0.522628,3.97405,-0.62742,-0.804113,0.81804,1.92921,0.760974,-1.0103,0.864926,-0.607696
0.239942,0.466174,-0.0865231,2.53867,0.887851,-0.669758,1.23603,0.613982,1.65726,1.03742,0.744402,-1.79397
-0.639039,-0.15759,-1.37378,1.4348,1.02328,-0.257524,0.761953,1.04079,0.405453,1.17014,1.05516,-0.787283
-0.759846,-0.204822,-1.744,1.15923,1.04419,-1.50668,0.00404941,1.81643,-0.66707,0.400986,0.823216,1.16325
-0.551827,-0.702629,-0.465469,0.860294,0.819582,-1.40486,-0.846937,2.20892,-1.71794,0.194904,0.134291,1.68024
0.0956638,-0.00786331,-0.0838849,1.70224,0.365216,-2.07062,-0.370075,2.13681,-0.421805,0.683467,0.0131037,1.15765
-0.31658,-0.019528,-1.31702,1.83599,0.866347,-1.64844,0.915764,1.54686,0.036005,0.977616,0.984201,1.00301
-0.500121,-0.30919,-2.25029,1.89748,1.14659,-1.35917,1.40243,1.51504,-0.0808043,0.926926,1.31202,1.37927
0.000193663,-0.733432,-1.93629,1.68553,1.07423,-2.03372,0.855263,2.01053,-0.356934,0.492095,0.734597,1.70254
0.434787,-0.597943,-0.926492,2.00553,0.58662,-2.51211,0.230697,2.29819,-0.178993,0.254332,0.562349,1.25212
0.635684,-0.218985,-0.105214,2.49835,0.167639,-2.21866,0.187073,2.16403,0.256081,0.341699,0.253796,0.506709
0.486664,0.475286,-0.365915,2.46993,0.510816,-1.35209,0.456109,1.43063,0.950696,1.11897,-0.398666,-0.545121
0.185479,0.530912,-1.05418,2.43161,0.956032,-1.17442,0.77121,1.00979,1.1323,0.990075,-0.0168288,-0.73267
-0.038257,0.54445,-1.36291,2.55323,1.03893,-1.2751,0.733436,1.01675,1.02116,0.715289,0.396863,-0.663339
-0.0535694,0.588238,-1.12194,2.58205,0.927331,-1.45649,0.571262,1.13079,0.924751,0.713546,0.269701,-0.604256
0.133214,0.535142,-0.657252,2.57804,0.77203,-1.80924,0.461065,1.30347,0.914932,0.63368,-0.016406,-0.392259
0.288065,0.546601,-0.303233,2.57516,0.728946,-1.93992,0.528298,1.38054,0.961176,0.733265,-0.18256,-0.326679
0.214547,0.513215,-0.56102,2.45416,0.87067,-1.71166,0.846513,1.22397,0.92044,0.979169,-0.137761,-0.312806
0.114252,0.53488,-0.856104,2.43737,0.930189,-1.47844,0.931989,1.10722,0.936321,1.0493,-0.102459,-0.436401
-0.164198,0.369247,-1.30428,2.20908,0.898758,-1.411,0.878606,1.20149,0.488804,1.00701,0.43252,-0.0908031
-0.235164,0.246591,-1.39879,2.20949,0.827286,-1.68063,0.71406,1.39815,0.223021,0.871024,0.598278,0.319835
-0.177404,0.173511,-1.30575,2.28063,0.781566,-1.88017,0.65854,1.54315,0.169567,0.848305,0.565798,0.528358
0.1008,0.332003,-1.01801,2.61208,0.838082,-1.92919,0.827623,1.44208,0.597529,0.878425,0.146418,0.221308
-0.0444162,0.289221,-1.33705,2.39123,0.994326,-1.56969,1.01002,1.28633,0.604559,1.13641,0.241225,0.0107301
-0.137055,0.285607,-1.48528,2.38133,1.07836,-1.33852,1.06253,1.12806,0.706433,1.12829,0.322188,-0.263841
-0.173904,0.315686,-1.41087,2.35765,0.998785,-1.50806,0.836444,1.29461,0.590017,1.08363,0.316907,-0.186795
-0.124186,0.30951,-1.18928,2.35429,0.883027,-1.75797,0.682662,1.43992,0.498349,1.04688,0.209302,0.000844032
-0.116382,0.300814,-1.16693,2.29074,0.872335,-1.78187,0.743851,1.44208,0.499213,1.14562,0.128296,0.0953021
-0.0985879,0.356738,-1.2861,2.3153,0.983602,-1.65543,0.92091,1.28314,0.677233,1.18839,0.0702594,-0.072185
-0.186659,0.271538,-1.50944,2.24998,1.08986,-1.53577,1.04347,1.20616,0.613459,1.16226,0.330663,-0.115848
-0.263736,0.163647,-1.62819,2.23465,1.06515,-1.65102,1.00806,1.35365,0.342271,1.10008,0.569808,0.169541
-0.278282,0.0942126,-1.61699,2.26233,0.999289,-1.76751,0.940633,1.4734,0.195893,1.08285,0.609138,0.405604
-0.180774,0.175817,-1.45124,2.4108,0.972937,-1.77053,0.943747,1.4289,0.363175,1.09013,0.412074,0.2784
-0.152239,0.20367,-1.44199,2.39678,1.02015,-1.68284,1.00321,1.3634,0.460454,1.15055,0.350678,0.135596
-0.166836,0.198748,-1.46127,2.35567,1.0563,-1.61951,1.01632,1.33138,0.47228,1.18403,0.381241,0.0416087
-0.164528,0.215454,-1.44711,2.35756,1.04163,-1.65533,0.970057,1.36598,0.459982,1.15924,0.379285,0.0433427
-0.16745,0.212022,-1.45044,2.34123,1.02476,-1.69071,0.953079,1.39126,0.440666,1.15351,0.371817,0.101417
-0.173517,0.211396,-1.47821,2.3382,1.0351,-1.67942,0.994334,1.36613,0.452364,1.1574,0.373884,0.104205
-0.18703,0.19238,-1.51662,2.33338,1.04597,-1.68073,1.01866,1.36678,0.422764,1.1484,0.425906,0.130692
-0.181337,0.187424,-1.49593,2.35719,1.03932,-1.70271,1.00597,1.38787,0.405914,1.13797,0.435255,0.144763
-0.170064,0.191823,-1.47095,2.36978,1.03506,-1.70364,1.00142,1.39305,0.413142,1.14174,0.419208,0.13355
-0.167094,0.195531,-1.47053,2.36639,1.03823,-1.68933,1.01046,1.38427,0.425089,1.14998,0.407954,0.118162
-0.170344,0.191734,-1.47751,2.35808,1.04213,-1.68042,1.01603,1.37888,0.422582,1.15547,0.412625,0.11384
-0.173961,0.185118,-1.48797,2.35624,1.04303,-1.6894,1.01771,1.38463,0.407812,1.14836,0.429361,0.13098
-0.172205,0.185858,-1.4813,2.36235,1.03903,-1.69356,1.01348,1.3893,0.407456,1.14775,0.425505,0.134492
-0.168515,0.190008,-1.47547,2.36571,1.03791,-1.69118,1.01284,1.38719,0.4152,1.14908,0.416794,0.126849
-0.168862,0.190594,-1.47529,2.36139,1.03819,-1.68801,1.01196,1.38603,0.416829,1.15315,0.41466,0.123059
-0.172011,0.188109,-1.48263,2.35741,1.0408,-1.68626,1.01548,1.38439,0.413675,1.15273,0.421454,0.125573
-0.172898,0.187242,-1.48507,2.35898,1.04029,-1.68879,1.01529,1.38586,0.41129,1.15053,0.423914,0.129846
-0.170909,0.190298,-1.47992,2.36295,1.03945,-1.68775,1.01397,1.38462,0.417028,1.15069,0.418032,0.123963
-0.170904,0.190078,-1.48011,2.3607,1.03934,-1.68762,1.01294,1.38542,0.416178,1.152,0.417651,0.124129
-0.173733,0.187135,-1.48536,2.35724,1.04047,-1.68663,1.01508,1.38545,0.41193,1.15237,0.423265,0.128512
-0.174647,0.185636,-1.48724,2.35802,1.04013,-1.68798,1.01523,1.38649,0.409233,1.15148,0.425606,0.132265
-0.172073,0.188058,-1.48273,2.36263,1.03929,-1.68927,1.01441,1.38625,0.413339,1.15009,0.421449,0.129284
-0.170037,0.189444,-1.48039,2.36404,1.03971,-1.68934,1.01482,1.38587,0.415807,1.15009,0.41932,0.126128
-0.170843,0.188018,-1.48182,2.36186,1.04051,-1.68835,1.01573,1.38599,0.413518,1.15116,0.42165,0.126914
-0.171188,0.187604,-1.48202,2.36173,1.04013,-1.68848,1.01558,1.38625,0.412664,1.15078,0.422284,0.12796
-0.171688,0.188017,-1.48222,2.36106,1.04007,-1.68649,1.01528,1.38554,0.413966,1.15214,0.42082,0.12595
-0.172773,0.187253,-1.48396,2.35942,1.03981,-1.6869,1.0149,1.38597,0.412042,1.15194,0.422574,0.128219
-0.171455,0.188589,-1.48247,2.36177,1.03957,-1.68815,1.01458,1.38578,0.414132,1.15088,0.420726,0.127116
-0.170082,0.190261,-1.48087,2.36388,1.04042,-1.68729,1.01561,1.38437,0.417568,1.15033,0.418457,0.12313
-0.17259,0.187769,-1.48318,2.35909,1.04026,-1.68563,1.01487,1.38558,0.41335,1.1531,0.421617,0.125946
-0.173746,0.186157,-1.48506,2.3583,1.0398,-1.68747,1.01415,1.38703,0.4096,1.15221,0.423965,0.130221
-0.172869,0.187434,-1.48429,2.36069,1.03949,-1.68751,1.01496,1.386,0.41232,1.1514,0.422288,0.129425
-0.174215,0.185974,-1.48664,2.35881,1.03985,-1.68689,1.01553,1.38656,0.410246,1.15226,0.424722,0.131455
-0.172434,0.187844,-1.48387,2.36209,1.03965,-1.68727,1.01523,1.38583,0.413668,1.15119,0.421986,0.128202
-0.173332,0.186715,-1.48503,2.36002,1.0399,-1.68723,1.01482,1.38723,0.411505,1.15202,0.423784,0.129754
-0.172789,0.187387,-1.48372,2.36061,1.03945,-1.68687,1.01448,1.3866,0.412785,1.15239,0.42217,0.128489
-0.17102,0.189167,-1.48196,2.36272,1.03957,-1.68751,1.01485,1.3856,0.415368,1.15141,0.41963,0.125885
-0.17213,0.1881,-1.48372,2.36062,1.04021,-1.68641,1.01545,1.38586,0.413999,1.15217,0.421524,0.126777
-0.17087,0.189048,-1.48151,2.36278,1.03998,-1.68725,1.01532,1.38517,0.415313,1.15114,0.419903,0.12535
-0.172128,0.187891,-1.48289,2.36024,1.0401,-1.6858,1.0153,1.38538,0.413531,1.15265,0.421367,0.126164
-0.173433,0.186609,-1.48613,2.35885,1.0402,-1.68555,1.01586,1.38556,0.411512,1.15255,0.423766,0.128684
-0.172636,0.187169,-1.4847,2.36087,1.0391,-1.68829,1.01432,1.38707,0.411342,1.15133,0.422825,0.130275
-0.172516,0.187307,-1.48474,2.36094,1.03955,-1.68703,1.01513,1.38638,0.412454,1.15211,0.422415,0.12918
-0.171866,0.188254,-1.48421,2.36207,1.03986,-1.68644,1.01572,1.3854,0.414243,1.15165,0.42138,0.126945
-0.172006,0.188322,-1.48414,2.36167,1.04011,-1.68591,1.01571,1.38532,0.41455,1.15161,0.42176,0.126226
-0.172305,0.187663,-1.48389,2.36106,1.03965,-1.68725,1.0144,1.38691,0.412457,1.15175,0.42206,0.127974
-0.173778,0.18616,-1.48641,2.35905,1.04005,-1.68577,1.01541,1.38659,0.410756,1.15287,0.424065,0.12972
-0.172456,0.187929,-1.48479,2.36193,1.03954,-1.68653,1.01541,1.38572,0.413479,1.15116,0.422144,0.128023
-0.173051,0.186775,-1.48607,2.36064,1.03981,-1.68691,1.0156,1.38666,0.411611,1.15136,0.424154,0.130172
-0.172362,0.187554,-1.48456,2.3623,1.03983,-1.68673,1.01577,1.38607,0.413089,1.15108,0.422844,0.128312
-0.172254,0.187445,-1.48514,2.3621,1.0401,-1.68636,1.01631,1.38591,0.413059,1.15092,0.423308,0.128283
-0.171243,0.188139,-1.48209,2.36265,1.03888,-1.68785,1.01396,1.38721,0.413276,1.15137,0.421031,0.127992
-0.171889,0.187389,-1.48441,2.36132,1.03993,-1.68641,1.01611,1.38599,0.41287,1.15161,0.422608,0.128369
-0.171313,0.188238,-1.48338,2.36269,1.03961,-1.6872,1.01535,1.38629,0.413621,1.15125,0.421188,0.127401
-0.172944,0.186518,-1.48643,2.36019,1.0404,-1.68525,1.01661,1.38581,0.411615,1.15241,0.424271,0.128664
-0.171272,0.188554,-1.48367,2.36328,1.0395,-1.68658,1.01528,1.38568,0.414328,1.15093,0.421185,0.126545
-0.172796,0.187704,-1.48573,2.3609,1.04045,-1.6842,1.01633,1.38508,0.413902,1.15208,0.422623,0.126217
-0.171709,0.189055,-1.48396,2.36257,1.04009,-1.68449,1.01571,1.3842,0.415891,1.15152,0.420394,0.123873
-0.173061,0.187638,-1.48522,2.36004,1.03996,-1.6849,1.01484,1.38579,0.413032,1.15214,0.422389,0.12666
-0.171303,0.189254,-1.4829,2.363,1.03964,-1.68623,1.01501,1.38496,0.415553,1.15058,0.420081,0.125202
-0.173103,0.187093,-1.48647,2.36009,1.04055,-1.68476,1.01669,1.385,0.412756,1.1517,0.423717,0.12771
-0.171133,0.18872,-1.48377,2.36394,1.03999,-1.6867,1.016,1.38505,0.41475,1.14997,0.421355,0.126128
-0.172529,0.186786,-1.4857,2.36144,1.04035,-1.6859,1.01649,1.38604,0.411839,1.15103,0.424384,0.128563
-0.172257,0.18749,-1.48461,2.36247,1.03989,-1.68555,1.01609,1.38566,0.41296,1.15102,0.422976,0.127301
-0.171022,0.188497,-1.48346,2.36388,1.03987,-1.68633,1.01623,1.38534,0.414521,1.15002,0.421566,0.126328
-0.171766,0.18771,-1.48453,2.36238,1.04034,-1.68521,1.01675,1.38524,0.413614,1.15106,0.422789,0.126513
-0.171718,0.187899,-1.4842,2.36267,1.04023,-1.68491,1.01657,1.38494,0.413954,1.15102,0.422356,0.12582
-0.170378,0.188723,-1.48289,2.36425,1.03974,-1.68721,1.01579,1.38579,0.414233,1.14979,0.421272,0.126294
-0.171501,0.187676,-1.48467,2.3628,1.0405,-1.68547,1.01735,1.3852,0.413368,1.15062,0.423094,0.126742
-0.173187,0.186034,-1.48721,2.36087,1.04047,-1.68458,1.01737,1.38564,0.410978,1.1513,0.425579,0.129034
-0.172316,0.187278,-1.48561,2.36306,1.03989,-1.68533,1.01653,1.38551,0.412743,1.15035,0.423693,0.127817
-0.172531,0.187288,-1.48511,2.36201,1.03972,-1.68479,1.01576,1.38578,0.412771,1.15147,0.423106,0.127317
-0.172196,0.18784,-1.48487,2.36225,1.03991,-1.68466,1.01572,1.38541,0.413545,1.15156,0.421948,0.126209
-0.17236,0.187655,-1.48526,2.36168,1.03987,-1.68491,1.01584,1.38545,0.413152,1.15142,0.422778,0.126966
-0.173244,0.186753,-1.48601,2.36016,1.03935,-1.68529,1.01491,1.38654,0.411322,1.15216,0.42375,0.129175
-0.172617,0.187523,-1.48583,2.36162,1.03937,-1.68568,1.01547,1.38586,0.41279,1.15122,0.422783,0.128742
-0.172577,0.187357,-1.48683,2.36197,1.03974,-1.68598,1.01626,1.38594,0.4126,1.15064,0.423775,0.129472
-0.173892,0.185852,-1.48819,2.3605,1.04002,-1.68491,1.01611,1.38661,0.410418,1.15209,0.425378,0.13042
-0.1735,0.186544,-1.4877,2.36179,1.03989,-1.68459,1.01637,1.38579,0.411779,1.15123,0.424925,0.129227
-0.171649,0.188604,-1.48482,2.36462,1.03957,-1.68607,1.01572,1.3859,0.414433,1.1497,0.421916,0.126935
-0.171959,0.18789,-1.48515,2.36318,1.04032,-1.68459,1.0166,1.38544,0.413963,1.15089,0.422572,0.126258
-0.171655,0.187876,-1.48387,2.36268,1.03947,-1.68527,1.01522,1.38607,0.413253,1.15136,0.422047,0.126617
-0.171475,0.188174,-1.48404,2.36264,1.03937,-1.68566,1.01541,1.38595,0.413353,1.15099,0.421823,0.126972
-0.172531,0.186837,-1.48667,2.36098,1.03967,-1.68527,1.01612,1.38613,0.411431,1.15165,0.423837,0.129312
-0.172013,0.187987,-1.48573,2.36324,1.03976,-1.68517,1.0164,1.38544,0.413589,1.15061,0.42246,0.127417
-0.171089,0.188712,-1.48434,2.36416,1.03974,-1.68546,1.01612,1.38534,0.41475,1.15024,0.421668,0.126043
-0.173056,0.186989,-1.4869,2.36117,1.04044,-1.68318,1.01671,1.38533,0.41257,1.15187,0.424012,0.126881
-0.173028,0.187054,-1.4866,2.36178,1.0397,-1.68447,1.01564,1.38601,0.411989,1.15107,0.423777,0.128054
-0.173497,0.186833,-1.48821,2.36156,1.04006,-1.68371,1.01692,1.38531,0.412174,1.15123,0.424637,0.128594
-0.171712,0.188614,-1.48563,2.36476,1.04008,-1.68449,1.01707,1.38435,0.415114,1.14967,0.422224,0.125631
-0.172594,0.187116,-1.4863,2.3623,1.04012,-1.68414,1.01646,1.38562,0.412457,1.15101,0.424109,0.127278
-0.17068,0.189719,-1.48189,2.36485,1.03942,-1.68383,1.01526,1.38444,0.416483,1.15099,0.419254,0.122413
-0.165412,0.193778,-1.4755,2.37013,1.03818,-1.68951,1.01367,1.38558,0.420867,1.14744,0.413233,0.120596
-0.172461,0.18487,-1.48798,2.35837,1.04072,-1.68579,1.01797,1.38754,0.407709,1.15264,0.426962,0.132313
-0.174368,0.183476,-1.49292,2.36105,1.04096,-1.68404,1.02067,1.38576,0.406799,1.15065,0.430495,0.134462
-0.171537,0.187542,-1.48617,2.36642,1.03882,-1.68491,1.01652,1.38623,0.412809,1.15013,0.423375,0.128447
-0.175023,0.183819,-1.49127,2.35936,1.0394,-1.68349,1.01637,1.38821,0.406811,1.15258,0.429011,0.133823
-0.173546,0.185461,-1.4905,2.36343,1.03951,-1.68464,1.01768,1.38648,0.40985,1.15028,0.426908,0.132485
-0.173804,0.184947,-1.4919,2.36336,1.04003,-1.68486,1.01851,1.38697,0.409113,1.15003,0.42868,0.133562
-0.173169,0.185047,-1.48846,2.36367,1.03864,-1.68667,1.01562,1.38894,0.408651,1.15079,0.426696,0.13405
-0.170864,0.187569,-1.48474,2.36576,1.03818,-1.68646,1.01523,1.38789,0.412495,1.15066,0.422399,0.130142
-0.172119,0.187052,-1.48709,2.36229,1.03896,-1.68378,1.0162,1.38681,0.412273,1.15263,0.423394,0.129343
-0.169538,0.189787,-1.48268,2.36562,1.03796,-1.68642,1.01431,1.38668,0.415655,1.15086,0.418838,0.126636
-0.171206,0.18771,-1.4854,2.36202,1.03861,-1.6863,1.0147,1.38798,0.412005,1.15205,0.422049,0.130028
-0.173021,0.187054,-1.48731,2.35998,1.03876,-1.68258,1.01534,1.38613,0.412264,1.15434,0.422493,0.128717
-0.176004,0.183966,-1.49633,2.35809,1.04027,-1.68325,1.01864,1.38625,0.407169,1.15154,0.430438,0.135574
-0.176555,0.182632,-1.49753,2.36141,1.03988,-1.68619,1.01873,1.38835,0.404949,1.14884,0.433688,0.140322
-0.17437,0.18328,-1.4925,2.36541,1.03833,-1.68845,1.01656,1.39061,0.405423,1.14845,0.430968,0.140304
-0.174484,0.182956,-1.49273,2.36457,1.03985,-1.68428,1.01905,1.38836,0.406847,1.1503,0.430756,0.136636
-0.175966,0.180472,-1.49675,2.36252,1.04016,-1.68563,1.01989,1.39001,0.401945,1.14929,0.436032,0.141886
-0.176037,0.180214,-1.49551,2.36378,1.03937,-1.68559,1.01923,1.39072,0.401473,1.14969,0.435813,0.142405
-0.171396,0.185659,-1.48776,2.36989,1.03822,-1.68553,1.01767,1.38861,0.410142,1.14874,0.426599,0.133417
-0.170844,0.187247,-1.48687,2.36726,1.03883,-1.68327,1.01745,1.38754,0.412962,1.15123,0.423742,0.128788
-0.172821,0.185133,-1.49086,2.36331,1.03947,-1.68347,1.01786,1.3882,0.408974,1.15155,0.427749,0.132468
-0.171761,0.185288,-1.48972,2.36592,1.03854,-1.68723,1.01689,1.38975,0.407934,1.14935,0.427591,0.135711
-0.173934,0.182881,-1.4953,2.36377,1.03946,-1.68509,1.01997,1.38933,0.405497,1.15056,0.431771,0.139351
-0.174659,0.181822,-1.49626,2.36439,1.03856,-1.68448,1.01927,1.39023,0.403876,1.15068,0.432501,0.141225
-0.173073,0.182694,-1.4929,2.36678,1.03734,-1.68785,1.01682,1.39239,0.404113,1.15,0.43047,0.141868
-0.174254,0.18107,-1.49779,2.36596,1.03975,-1.68498,1.0217,1.39039,0.403483,1.15017,0.434263,0.142454
-0.167286,0.190152,-1.4816,2.37504,1.03702,-1.68293,1.01659,1.38725,0.418111,1.15139,0.417049,0.124463
-0.168664,0.189586,-1.48448,2.36722,1.0392,-1.67874,1.01764,1.38537,0.417372,1.15431,0.418522,0.120968
-0.171206,0.188317,-1.48978,2.36371,1.04045,-1.67681,1.01987,1.38295,0.415827,1.15393,0.42209,0.122192
-0.170262,0.191146,-1.48526,2.36597,1.03906,-1.67718,1.01657,1.38249,0.41977,1.15387,0.416414,0.117878
-0.167872,0.194715,-1.47994,2.36723,1.03856,-1.67703,1.01459,1.38074,0.425054,1.15398,0.410224,0.111534
-0.171028,0.19196,-1.48509,2.36098,1.0401,-1.67491,1.01617,1.38033,0.420745,1.15576,0.41522,0.114362
-0.170194,0.192339,-1.48384,2.36363,1.03944,-1.6787,1.0153,1.38141,0.419818,1.1526,0.415621,0.116772
-0.168549,0.193451,-1.47832,2.36473,1.03781,-1.68203,1.01183,1.38379,0.420657,1.15361,0.411409,0.116586
-0.150369,0.217956,-1.44302,2.38598,1.03558,-1.67474,1.00697,1.36958,0.463103,1.15477,0.367915,0.0679926
0.152823,0.66179,-0.740034,2.86331,0.847052,-1.4355,0.873387,1.11348,1.29027,1.09477,-0.358588,-0.824918
0.490706,0.868293,-0.0398024,2.93425,0.739361,-1.18868,0.756344,0.869394,1.97835,1.00259,-0.9078,-1.79544
0.894891,0.929305,0.575772,2.80241,0.598364,-0.957787,0.633218,0.462062,2.54133,0.938651,-1.11679,-2.76761
1.3192,1.01232,1.23231,2.72145,0.261119,-0.793068,0.468461,0.287299,2.78909,0.83372,-1.17457,-3.55188
1.30915,0.697708,0.70939,1.78612,0.849695,-0.129214,0.537369,-0.316714,2.93177,1.31842,-0.961304,-3.89596
0.106277,0.573179,-0.510884,1.38948,1.2005,-0.574592,0.316135,-0.0352811,2.33144,0.84483,-0.462851,-2.71148
-0.11109,0.581294,-1.06564,1.50688,1.30084,-1.01197,0.208903,-0.044183,2.43292,0.549252,-0.392663,-2.18441
-0.320721,0.65928,-1.11377,1.69586,1.05086,-1.51731,0.0180643,0.444664,2.19522,0.695131,-0.644158,-1.75785
-0.27611,0.637516,-0.74545,1.88072,1.0159,-1.9167,0.013906,0.881607,1.84641,0.757486,-0.586778,-1.34924
-0.367649,0.438657,-0.615506,1.78867,0.98725,-2.12321,0.18997,1.27745,1.07669,0.842108,-0.135224,-0.514851
-0.217655,0.270611,-0.382357,1.90311,0.892852,-2.40129,0.394195,1.59359,0.610898,0.938878,0.0375287,0.147615
-0.148335,0.0622077,-0.476123,1.92688,0.866833,-2.48171,0.652031,1.79125,0.220535,1.07566,0.339367,0.668229
0.0905315,0.00142698,-0.336295,2.1667,0.810937,-2.58689,0.768287,1.93484,0.182731,1.06359,0.373645,0.75082
0.23146,-0.0250973,-0.238804,2.25503,0.769382,-2.56285,0.841297,1.97974,0.199622,1.10759,0.364074,0.703159
0.249725,-0.0411462,-0.295705,2.24345,0.766415,-2.51658,0.89737,1.97071,0.189616,1.13706,0.399838,0.689556
0.334197,0.0365438,-0.208365,2.29618,0.736022,-2.48944,0.876089,1.92795,0.330655,1.1556,0.232228,0.530279
0.309511,0.0773358,-0.276276,2.255,0.756457,-2.43559,0.891084,1.86909,0.398052,1.16866,0.210514,0.458944
0.322529,0.0999629,-0.185947,2.24129,0.708153,-2.44692,0.813057,1.87127,0.443998,1.15442,0.13805,0.413671
0.303658,0.0738576,-0.131344,2.18469,0.667392,-2.47926,0.7736,1.90148,0.406415,1.12581,0.169145,0.482877
0.353614,0.0795416,0.00292259,2.18654,0.608202,-2.51491,0.732457,1.92798,0.434004,1.11241,0.0972354,0.484704
0.390921,0.139782,0.0906995,2.17204,0.570476,-2.46554,0.703534,1.89473,0.547896,1.16683,-0.0327763,0.368773
0.412695,0.280985,0.0960043,2.17823,0.598778,-2.36359,0.691731,1.7869,0.790345,1.23766,-0.238971,0.107207
0.348319,0.357376,0.0821962,2.11354,0.597261,-2.27969,0.613184,1.72137,0.921589,1.25301,-0.32694,-0.0667009
0.29613,0.396407,0.164811,2.04954,0.538225,-2.27315,0.480954,1.71552,0.984885,1.2204,-0.396969,-0.145941
0.332726,0.382925,0.411779,2.02773,0.453,-2.39009,0.372069,1.77475,1.00557,1.09438,-0.411672,-0.0830102
0.340349,0.370885,0.610102,1.93011,0.324059,-2.40233,0.26928,1.85091,1.01026,1.09315,-0.476318,-0.0294537
0.35898,0.316523,0.859943,1.76944,0.179384,-2.46542,0.103551,1.97959,0.94223,1.04348,-0.559905,0.10733
0.307206,0.298422,0.899159,1.53029,0.0392802,-2.41334,-0.0558402,2.04397,0.876579,1.09127,-0.683249,0.214816
0.381288,0.492213,0.936427,1.49491,-0.148288,-2.31617,-0.1681,1.9365,1.19018,1.18136,-1.03608,-0.121007
0.252935,0.674432,0.624876,1.31153,-0.257182,-2.04486,-0.288011,1.71431,1.46138,1.34084,-1.33201,-0.470427
0.106615,0.917718,0.132042,1.17171,-0.39035,-1.75922,-0.492217,1.40601,1.77039,1.46842,-1.65932,-0.931957
-0.127528,1.07579,-0.374271,0.981761,-0.458542,-1.58569,-0.723021,1.1726,1.93204,1.48223,-1.85499,-1.1557
-0.295397,1.24788,-0.803933,0.825794,-0.549321,-1.46637,-0.926853,0.957232,2.09218,1.48118,-2.07686,-1.36817
-0.404249,1.31672,-1.18386,0.646916,-0.574217,-1.41511,-1.07787,0.696381,2.1992,1.51687,-2.27786,-1.57912
-1.01265,0.568403,-1.96588,0.522841,0.61109,-1.90186,-0.267992,0.87174,1.25116,0.349004,-0.0731164,0.144972
-0.968182,0.0145023,-2.10303,1.22424,1.25055,-2.52591,0.476641,1.42252,0.488008,0.425678,0.780399,1.04307
-0.66419,0.204885,-1.68872,1.85263,1.14534,-2.2544,0.56182,1.25808,0.844144,1.07516,0.38537,0.199768
-0.397809,0.27009,-1.41438,2.05494,1.25737,-2.18548,0.618163,1.22744,0.868143,1.03736,0.27857,-0.317606
-0.351818,0.153131,-1.42115,1.97941,1.37269,-2.00674,0.849205,1.14046,0.679278,1.0293,0.474041,-0.446154
-0.324671,0.0544997,-1.31404,1.92818,1.27191,-2.0737,0.893044,1.21607,0.413083,1.1097,0.354534,-0.177987
-0.168374,0.0187801,-1.09814,2.02246,1.17925,-2.16173,0.948408,1.22398,0.352748,1.14138,0.20304,-0.0724824
-0.0791097,0.00588445,-1.03331,2.01931,1.11936,-2.22695,0.968702,1.2756,0.320103,1.15706,0.170335,0.0411755
-0.0360273,0.0491356,-1.01405,2.03491,1.12116,-2.17005,0.986968,1.25451,0.389333,1.1842,0.137709,-0.0604405
-0.0543822,0.0733226,-1.06623,2.00394,1.13649,-2.12536,0.981924,1.24059,0.412685,1.18504,0.16156,-0.112513
-0.0730743,0.0950895,-1.09827,2.00619,1.14447,-2.12542,0.967552,1.23445,0.437535,1.16116,0.170862,-0.123588
-0.0823837,0.122667,-1.11474,2.01957,1.15701,-2.10998,0.962492,1.21258,0.48989,1.14668,0.152207,-0.163996
-0.0984993,0.126571,-1.13879,2.01444,1.16494,-2.10974,0.954156,1.20809,0.497393,1.13362,0.161742,-0.163388
-0.112948,0.120978,-1.15127,2.00584,1.16619,-2.11399,0.947096,1.20904,0.488903,1.13551,0.165629,-0.149358
-0.111792,0.124817,-1.14304,2.01232,1.16665,-2.11419,0.94217,1.2048,0.497395,1.13476,0.154911,-0.161444
-0.114973,0.117736,-1.14557,2.00613,1.16764,-2.11847,0.942311,1.20788,0.484737,1.13455,0.163961,-0.150611
-0.109154,0.12061,-1.13312,2.01301,1.16656,-2.11924,0.942257,1.20678,0.490855,1.1353,0.155312,-0.159306
-0.112103,0.114997,-1.13678,2.00432,1.16525,-2.12034,0.942362,1.21152,0.478663,1.13904,0.162792,-0.148176
-0.112272,0.111626,-1.13751,2.0044,1.16368,-2.124,0.943591,1.21383,0.471701,1.13946,0.166113,-0.13913
-0.105599,0.11589,-1.12818,2.01327,1.16308,-2.1242,0.9445,1.21236,0.480505,1.13779,0.158513,-0.147963
-0.10561,0.115481,-1.12981,2.01053,1.16403,-2.1219,0.945829,1.21289,0.479737,1.13878,0.161209,-0.148841
-0.106762,0.114158,-1.13106,2.00852,1.16321,-2.12242,0.945345,1.21428,0.476765,1.13977,0.162523,-0.145522
-0.105921,0.116598,-1.13059,2.01019,1.16365,-2.12004,0.945729,1.21179,0.481508,1.13971,0.159391,-0.150825
-0.107551,0.115414,-1.13391,2.00826,1.16411,-2.12036,0.945845,1.21199,0.479263,1.13894,0.162222,-0.147955
-0.107017,0.116517,-1.13267,2.01002,1.16411,-2.12029,0.945581,1.21118,0.481614,1.13866,0.160151,-0.149995
-0.105842,0.117423,-1.13096,2.01164,1.16457,-2.12041,0.94539,1.2109,0.483382,1.13725,0.159599,-0.152628
-0.108576,0.114916,-1.13507,2.00773,1.16456,-2.12061,0.945763,1.21223,0.478399,1.13851,0.163567,-0.146974
-0.108042,0.115739,-1.13342,2.00917,1.16374,-2.1209,0.944972,1.21195,0.479883,1.13903,0.160834,-0.147994
-0.10706,0.115776,-1.13224,2.01014,1.16368,-2.12182,0.944755,1.21241,0.479821,1.13808,0.160982,-0.147985
-0.107906,0.115651,-1.13328,2.00834,1.16363,-2.12055,0.944938,1.21224,0.479656,1.1399,0.160765,-0.147792
-0.10759,0.115848,-1.13318,2.00907,1.16394,-2.12062,0.945012,1.21179,0.479995,1.13909,0.16103,-0.148722
-0.107069,0.115862,-1.13213,2.00982,1.16362,-2.12164,0.944653,1.21252,0.479798,1.13845,0.160949,-0.148109
-0.105642,0.116751,-1.13061,2.01181,1.16426,-2.12113,0.945615,1.21168,0.48192,1.13753,0.160247,-0.150795
-0.107169,0.115717,-1.13372,2.00976,1.16483,-2.11999,0.946621,1.21165,0.479986,1.13812,0.162808,-0.149128
-0.108657,0.114829,-1.13509,2.00828,1.16379,-2.12067,0.945527,1.21272,0.47776,1.13928,0.163017,-0.145941
-0.109444,0.114566,-1.13656,2.00773,1.16372,-2.12028,0.945515,1.21222,0.477253,1.13993,0.163022,-0.145124
-0.109393,0.114403,-1.13714,2.00873,1.16405,-2.12087,0.945816,1.21203,0.476967,1.13893,0.163982,-0.144651
-0.108222,0.115097,-1.13476,2.01048,1.16381,-2.12143,0.945393,1.21244,0.478281,1.13864,0.162578,-0.146065
-0.107879,0.115164,-1.13426,2.01022,1.16403,-2.12079,0.945639,1.21251,0.478422,1.13896,0.162688,-0.147046
-0.106901,0.115374,-1.13237,2.01093,1.16358,-2.12153,0.945225,1.21309,0.478711,1.13858,0.161856,-0.147371
-0.105822,0.116544,-1.13218,2.01236,1.16491,-2.11965,0.947033,1.21105,0.481598,1.13765,0.161546,-0.151368
-0.108248,0.115089,-1.13515,2.00858,1.16413,-2.11954,0.946162,1.21237,0.478315,1.13942,0.163079,-0.147284
-0.107435,0.116013,-1.13373,2.01032,1.16394,-2.11985,0.945662,1.2116,0.480099,1.13882,0.161141,-0.149051
-0.110836,0.11401,-1.13958,2.00588,1.16431,-2.11877,0.946253,1.21168,0.476137,1.14049,0.16486,-0.144398
-0.110618,0.113856,-1.13847,2.00781,1.16341,-2.12119,0.944954,1.2126,0.475408,1.13958,0.164266,-0.142533
-0.108413,0.114723,-1.13529,2.011,1.16363,-2.12199,0.945251,1.21268,0.477267,1.13832,0.163148,-0.144713
-0.108014,0.115109,-1.13452,2.01044,1.16377,-2.12082,0.945545,1.21282,0.478068,1.13935,0.1627,-0.146293
-0.109696,0.113776,-1.13704,2.00751,1.16369,-2.12017,0.945672,1.21321,0.475397,1.14071,0.164529,-0.143869
-0.108834,0.114627,-1.1362,2.00957,1.16388,-2.12036,0.945909,1.21228,0.477072,1.13948,0.163602,-0.145602
-0.108887,0.113853,-1.13621,2.00943,1.16345,-2.12169,0.945643,1.21355,0.475407,1.13912,0.164578,-0.142979
-0.107519,0.114924,-1.1342,2.01125,1.1636,-2.12118,0.945982,1.21292,0.477747,1.13903,0.162795,-0.145758
-0.108303,0.11426,-1.13536,2.00941,1.16346,-2.12083,0.945827,1.21353,0.476278,1.13979,0.163859,-0.144451
-0.108667,0.114408,-1.13649,2.00944,1.16396,-2.12005,0.946451,1.21258,0.476698,1.13967,0.16422,-0.14518
-0.109499,0.114071,-1.13763,2.00872,1.16372,-2.12007,0.94614,1.21279,0.475856,1.13998,0.164576,-0.143887
-0.108067,0.115002,-1.1352,2.011,1.16358,-2.12091,0.945657,1.21274,0.477627,1.13888,0.163028,-0.145715
-0.107257,0.115305,-1.13461,2.01182,1.16435,-2.1204,0.946611,1.21225,0.478594,1.13811,0.163449,-0.147355
-0.109428,0.113884,-1.13798,2.00883,1.1643,-2.11966,0.946924,1.21284,0.475615,1.13954,0.165819,-0.144134
-0.106751,0.11516,-1.13337,2.01316,1.16365,-2.12169,0.946044,1.21312,0.477977,1.13746,0.163088,-0.146413
-0.106872,0.115848,-1.13386,2.01166,1.16419,-2.11927,0.946819,1.21214,0.479702,1.139,0.162206,-0.148754
-0.10631,0.116043,-1.13278,2.01197,1.16398,-2.1199,0.946124,1.21236,0.479921,1.13818,0.161834,-0.149365
-0.108175,0.115195,-1.1351,2.00878,1.1636,-2.1192,0.945777,1.21263,0.478104,1.14007,0.162421,-0.146984
-0.107431,0.11567,-1.13482,2.01089,1.1641,-2.11988,0.946145,1.21173,0.479077,1.13815,0.162635,-0.147989
-0.108809,0.115587,-1.13681,2.00916,1.16428,-2.1185,0.946395,1.21129,0.479076,1.13964,0.162692,-0.147635
-0.106939,0.116529,-1.13344,2.01214,1.16391,-2.12024,0.94524,1.21179,0.480547,1.13768,0.161233,-0.149458
-0.108284,0.115587,-1.13532,2.00939,1.16403,-2.11925,0.945654,1.21212,0.478831,1.13936,0.162473,-0.147681
-0.108892,0.114645,-1.13635,2.00909,1.16365,-2.12035,0.945446,1.2128,0.476678,1.13906,0.163859,-0.14499
-0.106227,0.116479,-1.13225,2.01299,1.16366,-2.12071,0.945527,1.21205,0.480561,1.13781,0.160713,-0.149089
-0.106384,0.116223,-1.13296,2.01175,1.16411,-2.11984,0.946089,1.21228,0.480096,1.13815,0.161948,-0.149209
-0.107938,0.115416,-1.13508,2.0095,1.16393,-2.11908,0.946069,1.2124,0.478433,1.13955,0.162815,-0.147527
-0.109268,0.114804,-1.13766,2.00867,1.16409,-2.11893,0.946292,1.21198,0.477095,1.13951,0.164208,-0.145838
-0.107895,0.115624,-1.13584,2.01179,1.16413,-2.12004,0.946247,1.21176,0.478714,1.13773,0.163235,-0.147082
-0.109256,0.115165,-1.13777,2.00954,1.16428,-2.11855,0.946505,1.21176,0.477945,1.13962,0.163783,-0.146412
-0.10828,0.115388,-1.13611,2.01129,1.16411,-2.1197,0.945932,1.21206,0.478148,1.1383,0.163489,-0.147096
-0.111818,0.112576,-1.14176,2.00648,1.16407,-2.11926,0.946648,1.21312,0.472579,1.14053,0.167817,-0.140482
-0.108614,0.114866,-1.13599,2.01188,1.16297,-2.12097,0.945228,1.21294,0.476765,1.13904,0.162823,-0.144389
-0.107253,0.11506,-1.13539,2.0128,1.16436,-2.12022,0.946944,1.21235,0.477759,1.13785,0.164259,-0.146554
-0.108935,0.113638,-1.13719,2.00989,1.1636,-2.12033,0.946503,1.21404,0.474537,1.1396,0.165899,-0.142822
-0.107128,0.115052,-1.13469,2.01271,1.16379,-2.12004,0.946772,1.21283,0.47753,1.13867,0.163581,-0.146545
-0.10854,0.114168,-1.13683,2.00996,1.16341,-2.11971,0.946454,1.21363,0.4755,1.13978,0.16483,-0.143913
-0.108048,0.114129,-1.13637,2.01125,1.16348,-2.12062,0.946601,1.21348,0.475565,1.13886,0.16492,-0.143662
-0.105354,0.116545,-1.13245,2.01497,1.16393,-2.11995,0.946856,1.21221,0.480535,1.13749,0.16172,-0.14956
-0.109223,0.114803,-1.13965,2.00928,1.16537,-2.11653,0.948583,1.21129,0.477356,1.13965,0.16632,-0.147231
-0.108244,0.115423,-1.13689,2.01215,1.16418,-2.11894,0.946681,1.21195,0.478033,1.13801,0.164059,-0.147288
-0.111049,0.11296,-1.14092,2.00793,1.16364,-2.11945,0.94647,1.21357,0.472955,1.13997,0.167208,-0.140711
-0.109455,0.113944,-1.13877,2.01132,1.16363,-2.12018,0.946617,1.2127,0.475116,1.13887,0.165368,-0.142754
-0.1062,0.116249,-1.13347,2.0149,1.16367,-2.12014,0.946267,1.21237,0.479758,1.13778,0.161791,-0.148376
-0.108992,0.114974,-1.13783,2.00932,1.1643,-2.1173,0.946876,1.21231,0.477209,1.1406,0.164481,-0.146954
-0.110138,0.114002,-1.13892,2.00837,1.16351,-2.11867,0.945862,1.21285,0.47494,1.14053,0.165014,-0.143966
-0.107572,0.115987,-1.13552,2.01267,1.16375,-2.11941,0.946032,1.21172,0.478949,1.13827,0.162385,-0.147714
-0.1083,0.115453,-1.13648,2.01065,1.16381,-2.11879,0.946119,1.21229,0.478051,1.1394,0.163145,-0.146655
-0.109365,0.114544,-1.13851,2.00961,1.16414,-2.11856,0.946596,1.21219,0.476267,1.13958,0.165041,-0.145182
-0.110061,0.11354,-1.13858,2.00906,1.16284,-2.12055,0.945256,1.21409,0.473639,1.13992,0.16547,-0.141203
-0.110963,0.113066,-1.14098,2.00849,1.16349,-2.11945,0.946543,1.21315,0.47307,1.14064,0.166706,-0.140496
-0.108393,0.115319,-1.1376,2.01294,1.16405,-2.11911,0.946852,1.21171,0.477708,1.13872,0.164026,-0.146135
-0.108542,0.11481,-1.13741,2.01178,1.16406,-2.1193,0.946553,1.21296,0.476512,1.13885,0.165188,-0.145384
-0.105385,0.116823,-1.13275,2.01592,1.16455,-2.11911,0.947102,1.2118,0.48082,1.13688,0.162378,-0.151082
-0.106898,0.115831,-1.13441,2.01181,1.16392,-2.1182,0.94669,1.21285,0.478747,1.13906,0.162955,-0.148623
-0.107488,0.115459,-1.13591,2.01126,1.16407,-2.11812,0.94699,1.2121,0.478107,1.13882,0.16358,-0.147861
-0.107957,0.115207,-1.13679,2.01124,1.16389,-2.11868,0.946894,1.21212,0.47759,1.13858,0.163876,-0.146424
-0.106538,0.116785,-1.13412,2.01332,1.16359,-2.11881,0.946063,1.21188,0.480448,1.13819,0.161216,-0.149328
-0.109358,0.115386,-1.13855,2.00871,1.16407,-2.11685,0.946438,1.21167,0.477815,1.1405,0.163643,-0.147093
-0.109199,0.115982,-1.13848,2.01041,1.16426,-2.11739,0.946148,1.21087,0.478739,1.13909,0.163348,-0.148132
-0.109829,0.114961,-1.13997,2.01051,1.1647,-2.11826,0.946801,1.21134,0.476837,1.13814,0.165753,-0.145678
-0.109212,0.115192,-1.1378,2.01148,1.1637,-2.11921,0.945823,1.21246,0.477059,1.13879,0.163996,-0.145298
-0.108996,0.114858,-1.13869,2.01164,1.16462,-2.1183,0.947237,1.21174,0.476803,1.13849,0.165483,-0.145983
-0.108973,0.11479,-1.13775,2.01137,1.16364,-2.11898,0.946243,1.21287,0.476252,1.13915,0.16461,-0.144952
-0.108618,0.115102,-1.13809,2.01178,1.16438,-2.11786,0.947269,1.21171,0.477234,1.139,0.164716,-0.146707
-0.107357,0.1156,-1.13529,2.01302,1.16351,-2.1193,0.946068,1.2128,0.47787,1.13835,0.163142,-0.147003
-0.108127,0.114608,-1.13712,2.01143,1.16394,-2.11892,0.947011,1.21293,0.476127,1.13883,0.165196,-0.145178
-0.106008,0.115276,-1.13344,2.01454,1.16318,-2.12098,0.946289,1.21386,0.477208,1.13726,0.163576,-0.145819
-0.108073,0.114322,-1.13696,2.01077,1.16342,-2.11888,0.94715,1.21378,0.475476,1.13992,0.165142,-0.143912
-0.107319,0.115337,-1.13632,2.01274,1.1637,-2.11866,0.94712,1.21263,0.477427,1.13877,0.164102,-0.146457
-0.107123,0.116176,-1.13627,2.01315,1.16426,-2.11777,0.947374,1.2118,0.479217,1.13841,0.163547,-0.148608
-0.109747,0.115056,-1.13972,2.00944,1.16406,-2.11684,0.946811,1.21215,0.476758,1.14024,0.164992,-0.14594
-0.109195,0.114997,-1.13807,2.01082,1.16331,-2.11889,0.945574,1.21272,0.476435,1.13928,0.16397,-0.144952
-0.108302,0.115351,-1.13729,2.01214,1.16379,-2.11909,0.946285,1.21234,0.477363,1.13843,0.164073,-0.1458
-0.108047,0.115305,-1.1371,2.01241,1.16409,-2.1188,0.94683,1.21237,0.477461,1.13843,0.164484,-0.14622
-0.107471,0.115898,-1.13634,2.01315,1.16434,-2.11803,0.947146,1.21193,0.478639,1.13835,0.163897,-0.148217
-0.109075,0.115221,-1.13904,2.01085,1.16454,-2.11684,0.947459,1.21176,0.477215,1.13935,0.165298,-0.146983
-0.108665,0.115255,-1.13777,2.01181,1.1638,-2.11833,0.94644,1.21234,0.477084,1.13873,0.164284,-0.146171
-0.105902,0.116966,-1.13405,2.01549,1.16429,-2.11853,0.946936,1.21141,0.4808,1.13685,0.162119,-0.15046
-0.107961,0.11642,-1.13793,2.01187,1.16528,-2.11549,0.948249,1.21044,0.48005,1.1388,0.164002,-0.150547
-0.107113,0.116417,-1.13573,2.01361,1.16436,-2.11787,0.946723,1.21159,0.479518,1.13719,0.163302,-0.14974
-0.107813,0.116153,-1.1369,2.01228,1.16449,-2.11705,0.947217,1.21134,0.479165,1.13823,0.16354,-0.149042
-0.106303,0.117251,-1.13457,2.01442,1.1643,-2.11751,0.946796,1.211,0.48128,1.1372,0.161678,-0.151279
-0.106118,0.117629,-1.13414,2.01375,1.16447,-2.11672,0.946802,1.21076,0.482175,1.13773,0.161037,-0.152586
-0.107148,0.117307,-1.1363,2.01245,1.16511,-2.11574,0.947369,1.21008,0.481537,1.13777,0.162553,-0.152505
-0.109705,0.115426,-1.13887,2.00909,1.16374,-2.11704,0.945859,1.21194,0.477268,1.13955,0.163822,-0.146538
-0.106894,0.117028,-1.13491,2.01394,1.16376,-2.11857,0.945732,1.21121,0.480468,1.13718,0.16141,-0.149655
-0.108018,0.116524,-1.13706,2.01159,1.1643,-2.11692,0.946608,1.21114,0.479731,1.13874,0.162749,-0.149047
-0.106627,0.116919,-1.13517,2.01422,1.16452,-2.11806,0.946634,1.21126,0.480386,1.1368,0.162919,-0.150372
-0.107124,0.117275,-1.13603,2.01324,1.16496,-2.11608,0.947412,1.21052,0.481324,1.138,0.16259,-0.151861
-0.108296,0.116405,-1.13776,2.01176,1.16469,-2.1164,0.946985,1.21106,0.47934,1.13815,0.163898,-0.149651
-0.10805,0.115877,-1.13646,2.01212,1.16357,-2.11835,0.945862,1.21232,0.478114,1.13819,0.16307,-0.147204
-0.107172,0.11686,-1.13622,2.01344,1.16447,-2.11706,0.947076,1.21077,0.480436,1.13782,0.162543,-0.150144
-0.10936,0.11501,-1.13894,2.01007,1.16379,-2.11756,0.946351,1.21244,0.476443,1.13937,0.164795,-0.145403
-0.108731,0.114974,-1.13809,2.01193,1.16369,-2.11877,0.946363,1.21257,0.476256,1.13845,0.164909,-0.14501
-0.108365,0.115392,-1.13759,2.01239,1.1637,-2.11834,0.946592,1.2125,0.477124,1.13882,0.164271,-0.145797
-0.105367,0.117668,-1.13368,2.01647,1.16451,-2.11771,0.947215,1.21108,0.48192,1.1368,0.161811,-0.152056
-0.106543,0.116719,-1.1352,2.01349,1.1646,-2.11686,0.94732,1.21187,0.480069,1.13795,0.163367,-0.150612
-0.109898,0.114671,-1.14024,2.0092,1.16422,-2.11628,0.947286,1.21225,0.475756,1.13998,0.166055,-0.145528
-0.107479,0.116591,-1.13676,2.01404,1.16409,-2.11746,0.946918,1.21096,0.479681,1.13764,0.162744,-0.149138
-0.106661,0.117282,-1.13534,2.01426,1.16418,-2.11725,0.946678,1.21123,0.481085,1.13763,0.161866,-0.150601
-0.106977,0.117109,-1.13499,2.0127,1.16392,-2.11682,0.946062,1.21165,0.480672,1.13878,0.161476,-0.150752
-0.107988,0.116546,-1.13694,2.01126,1.16422,-2.11629,0.946425,1.21121,0.479486,1.13899,0.162829,-0.149805
-0.107135,0.116953,-1.13555,2.01306,1.16389,-2.11764,0.946034,1.21143,0.480119,1.13773,0.162102,-0.149734
-0.106762,0.116749,-1.13531,2.01354,1.16422,-2.11785,0.946666,1.21157,0.480022,1.13742,0.162721,-0.149496
-0.107957,0.116412,-1.13725,2.01193,1.16429,-2.11659,0.946965,1.21144,0.479256,1.13876,0.163404,-0.148893
-0.106587,0.117493,-1.13492,2.01414,1.16411,-2.1171,0.946348,1.21116,0.481253,1.13765,0.161607,-0.151287
-0.110039,0.114992,-1.14076,2.00929,1.16448,-2.1162,0.947164,1.21172,0.47637,1.13947,0.166,-0.145848
-0.108613,0.115829,-1.13821,2.01285,1.16387,-2.11795,0.94644,1.21171,0.477822,1.13801,0.164027,-0.146724
